FIPStxt,Stabr,Unemployment_rate_2008,Unemployment_rate_2012,Unemployment_rate_2016
00000,US,5.788697231210938,8.070436331325027,4.8690066110480466
01000,AL,5.7,8.0,5.8
01001,AL,5.1,6.9,5.1
01003,AL,4.6,7.5,5.3
01005,AL,8.8,11.5,8.3
01007,AL,5.8,8.5,6.4
01009,AL,4.7,6.9,5.4
01011,AL,10.5,10.4,6.8
01013,AL,8.5,11.5,6.9
01015,AL,5.7,8.9,6.5
01017,AL,14.4,9.9,5.4
01019,AL,5.7,8.0,5.0
01021,AL,5.1,7.2,5.5
01023,AL,8.3,10.3,8.5
01025,AL,9.0,15.0,10.8
01027,AL,7.9,9.4,5.9
01029,AL,5.1,8.2,6.0
01031,AL,4.8,7.0,5.8
01033,AL,6.5,8.8,6.9
01035,AL,9.4,11.9,8.4
01037,AL,8.3,9.4,6.0
01039,AL,5.9,8.4,6.7
01041,AL,5.6,8.3,5.8
01043,AL,4.9,7.7,5.0
01045,AL,5.4,7.4,5.8
01047,AL,11.1,12.9,9.2
01049,AL,5.8,9.0,6.0
01051,AL,5.1,6.9,4.7
01053,AL,7.6,9.2,6.6
01055,AL,6.0,8.2,5.9
01057,AL,7.2,8.6,6.7
01059,AL,7.4,8.4,5.9
01061,AL,5.5,7.6,5.8
01063,AL,8.5,13.6,9.9
01065,AL,7.4,11.5,7.6
01067,AL,7.7,8.3,6.5
01069,AL,4.9,7.5,5.8
01071,AL,6.2,8.6,6.3
01073,AL,5.4,7.4,5.7
01075,AL,8.0,7.5,5.6
01077,AL,5.7,7.7,6.3
01079,AL,6.5,9.0,6.9
01081,AL,5.2,6.8,5.2
01083,AL,4.7,6.9,5.2
01085,AL,10.9,15.4,10.5
01087,AL,7.4,10.7,7.6
01089,AL,4.2,6.9,5.1
01091,AL,7.4,10.2,7.1
01093,AL,8.0,8.9,6.6
01095,AL,4.7,7.8,5.3
01097,AL,5.7,9.2,6.6
01099,AL,10.2,12.5,9.0
01101,AL,5.9,8.1,5.6
01103,AL,5.2,7.8,5.5
01105,AL,11.3,13.3,10.3
01107,AL,7.1,10.2,6.8
01109,AL,4.9,8.0,6.5
01111,AL,7.3,9.2,5.6
01113,AL,8.0,8.8,5.5
01115,AL,5.0,6.9,5.2
01117,AL,3.7,5.0,4.3
01119,AL,8.7,10.5,7.7
01121,AL,7.2,9.4,6.6
01123,AL,7.2,8.6,5.6
01125,AL,4.7,7.0,5.6
01127,AL,5.7,9.2,7.4
01129,AL,8.4,11.9,8.6
01131,AL,14.0,19.9,14.4
01133,AL,8.7,10.0,7.1
02000,AK,6.7,7.1,6.9
02013,AK,8.7,6.8,2.7
02016,AK,5.8,6.9,3.3
02020,AK,5.4,5.4,5.5
02050,AK,13.9,15.4,14.2
02060,AK,4.9,9.8,7.0
02068,AK,6.1,13.8,9.1
02070,AK,9.3,9.9,9.6
02090,AK,6.1,6.1,5.9
02100,AK,8.8,10.0,10.3
02105,AK,,14.3,11.8
02110,AK,4.8,5.1,4.5
02122,AK,8.2,8.6,8.5
02130,AK,5.9,8.1,6.5
02150,AK,6.8,6.7,5.1
02158,AK,20.6,22.1,21.6
02164,AK,6.9,15.2,12.5
02170,AK,7.6,8.7,8.2
02180,AK,10.4,11.7,12.7
02185,AK,4.2,7.7,6.8
02188,AK,11.6,15.7,16.0
02195,AK,,8.1,9.0
02198,AK,,13.3,12.2
02201,AK,13.8,,
02220,AK,5.8,5.7,4.6
02230,AK,,14.1,11.2
02232,AK,12.9,,
02240,AK,8.8,12.9,10.8
02261,AK,8.4,9.7,8.6
02275,AK,,8.2,7.5
02280,AK,10.7,,
02282,AK,7.5,9.7,8.2
02290,AK,14.1,17.4,17.9
04000,AZ,6.2,8.3,5.4
04001,AZ,11.6,19.0,11.4
04003,AZ,5.9,9.0,6.2
04005,AZ,5.6,8.6,6.0
04007,AZ,6.5,10.2,7.2
04009,AZ,7.1,8.5,6.7
04011,AZ,5.3,8.2,7.6
04012,AZ,7.7,8.6,6.0
04013,AZ,5.4,7.3,4.6
04015,AZ,7.7,11.0,6.6
04017,AZ,10.1,14.1,8.2
04019,AZ,5.8,7.4,4.9
04021,AZ,7.4,8.5,5.5
04023,AZ,11.0,15.4,10.0
04025,AZ,6.2,8.6,4.9
04027,AZ,18.4,23.9,18.8
05000,AR,5.5,7.6,4.0
05001,AR,9.8,8.8,3.4
05003,AR,7.6,12.0,6.1
05005,AR,6.0,8.4,4.3
05007,AR,4.1,6.0,2.9
05009,AR,5.5,7.6,3.7
05011,AR,7.2,10.7,5.0
05013,AR,6.2,9.1,4.6
05015,AR,4.5,6.3,3.6
05017,AR,8.3,11.4,6.6
05019,AR,5.9,9.9,4.3
05021,AR,8.1,11.0,5.6
05023,AR,5.6,8.5,5.9
05025,AR,5.9,7.4,4.5
05027,AR,7.0,9.0,5.7
05029,AR,5.5,9.2,5.7
05031,AR,4.9,6.9,3.2
05033,AR,4.9,8.0,3.9
05035,AR,7.9,9.6,4.5
05037,AR,6.8,7.9,4.4
05039,AR,7.2,11.1,4.8
05041,AR,8.8,9.9,5.4
05043,AR,7.9,10.5,5.7
05045,AR,4.8,6.6,3.8
05047,AR,4.5,7.1,4.0
05049,AR,5.2,7.2,4.3
05051,AR,5.6,7.9,4.3
05053,AR,5.2,6.8,3.6
05055,AR,6.6,8.7,4.3
05057,AR,5.8,7.3,3.8
05059,AR,6.6,7.2,3.9
05061,AR,5.5,6.7,3.3
05063,AR,7.0,9.2,4.9
05065,AR,6.7,8.8,5.6
05067,AR,7.8,10.8,6.2
05069,AR,7.7,10.0,5.6
05071,AR,4.7,7.4,4.7
05073,AR,7.1,9.4,5.8
05075,AR,7.1,9.1,4.3
05077,AR,8.5,9.5,4.7
05079,AR,8.1,8.8,4.8
05081,AR,3.9,7.3,4.7
05083,AR,6.5,8.0,4.6
05085,AR,4.5,6.4,3.3
05087,AR,4.4,5.9,3.2
05089,AR,6.3,8.2,4.0
05091,AR,4.0,6.0,4.2
05093,AR,7.7,11.0,6.8
05095,AR,6.4,9.0,4.8
05097,AR,5.7,8.4,5.1
05099,AR,6.8,7.8,3.7
05101,AR,5.7,7.3,3.9
05103,AR,6.4,10.4,5.0
05105,AR,5.6,9.1,4.8
05107,AR,7.2,11.6,5.9
05109,AR,6.1,9.0,4.2
05111,AR,6.4,8.7,4.3
05113,AR,5.2,7.4,4.9
05115,AR,4.9,7.3,4.6
05117,AR,5.7,7.6,3.8
05119,AR,4.8,6.9,3.5
05121,AR,8.2,10.8,4.6
05123,AR,9.4,10.8,5.2
05125,AR,4.5,6.1,3.1
05127,AR,4.8,6.7,3.7
05129,AR,5.4,8.2,4.6
05131,AR,5.0,7.9,3.7
05133,AR,4.1,8.7,4.8
05135,AR,7.5,10.1,5.4
05137,AR,6.6,8.2,5.1
05139,AR,6.4,9.2,5.5
05141,AR,6.6,10.1,6.9
05143,AR,4.2,5.6,2.8
05145,AR,6.0,7.9,5.2
05147,AR,8.0,10.2,5.5
05149,AR,4.5,6.7,4.5
06000,CA,7.3,10.4,5.5
06001,CA,6.2,8.7,4.3
06003,CA,10.5,11.2,6.3
06005,CA,7.7,12.3,5.9
06007,CA,8.5,12.2,6.6
06009,CA,8.7,12.4,5.7
06011,CA,13.8,20.7,15.6
06013,CA,6.2,8.9,4.5
06015,CA,8.8,13.5,7.5
06017,CA,7.0,10.2,5.1
06019,CA,10.6,15.1,9.5
06021,CA,10.5,14.2,8.3
06023,CA,7.3,9.6,4.9
06025,CA,22.6,27.4,24.1
06027,CA,6.6,9.1,5.3
06029,CA,9.8,13.1,10.4
06031,CA,10.6,14.9,10.0
06033,CA,10.7,12.8,6.7
06035,CA,9.6,12.5,6.9
06037,CA,7.6,10.9,5.3
06039,CA,9.5,14.4,9.2
06041,CA,4.7,6.3,3.3
06043,CA,7.5,12.2,6.9
06045,CA,6.9,10.0,5.3
06047,CA,12.6,16.3,10.6
06049,CA,9.7,14.4,7.8
06051,CA,5.9,10.3,5.4
06053,CA,8.5,11.6,7.7
06055,CA,5.1,8.4,4.3
06057,CA,6.6,9.7,4.8
06059,CA,5.3,7.9,4.0
06061,CA,6.5,9.4,4.5
06063,CA,10.6,16.1,9.7
06065,CA,8.6,11.6,6.1
06067,CA,7.2,10.5,5.4
06069,CA,9.7,13.0,6.7
06071,CA,8.0,11.4,5.8
06073,CA,6.0,9.1,4.7
06075,CA,5.3,6.8,3.3
06077,CA,10.4,14.4,8.1
06079,CA,5.8,8.2,4.3
06081,CA,4.9,6.4,3.0
06083,CA,5.5,8.4,5.1
06085,CA,6.0,7.9,3.8
06087,CA,7.4,11.8,7.0
06089,CA,10.1,14.2,7.0
06091,CA,10.6,14.4,7.6
06093,CA,10.2,15.6,8.5
06095,CA,6.9,10.7,5.5
06097,CA,5.8,8.9,4.0
06099,CA,11.1,14.9,8.6
06101,CA,12.4,16.8,9.7
06103,CA,9.2,13.7,7.1
06105,CA,12.8,14.6,7.1
06107,CA,10.8,16.2,11.2
06109,CA,8.0,13.0,6.2
06111,CA,6.3,9.1,5.2
06113,CA,7.4,10.6,5.9
06115,CA,11.9,15.4,8.6
08000,CO,4.8,7.9,3.3
08001,CO,5.4,9.4,3.6
08003,CO,5.2,10.4,4.0
08005,CO,4.9,7.7,3.1
08007,CO,5.1,10.0,3.3
08009,CO,3.4,4.5,1.7
08011,CO,6.2,8.4,3.1
08013,CO,4.1,6.2,2.7
08014,CO,4.5,6.6,2.9
08015,CO,4.5,6.8,2.6
08017,CO,2.7,4.6,2.2
08019,CO,4.6,7.0,3.2
08021,CO,7.3,10.6,4.9
08023,CO,7.7,11.4,4.8
08025,CO,7.4,8.1,3.5
08027,CO,5.1,6.3,3.1
08029,CO,4.4,9.7,4.9
08031,CO,5.4,7.9,3.1
08033,CO,7.2,10.2,3.9
08035,CO,4.2,6.0,2.7
08037,CO,3.6,7.2,2.7
08039,CO,4.8,7.1,2.6
08041,CO,5.7,8.9,3.8
08043,CO,6.3,11.7,5.2
08045,CO,3.1,8.5,3.5
08047,CO,4.2,6.7,2.4
08049,CO,3.7,7.2,2.7
08051,CO,3.6,6.0,2.3
08053,CO,3.3,4.8,2.5
08055,CO,6.4,14.2,6.3
08057,CO,3.2,5.2,2.7
08059,CO,4.7,7.4,3.0
08061,CO,3.7,4.5,2.0
08063,CO,3.4,4.4,2.1
08065,CO,4.6,8.6,2.9
08067,CO,3.6,6.6,2.9
08069,CO,4.2,6.7,2.8
08071,CO,4.5,12.0,5.0
08073,CO,3.7,6.5,2.5
08075,CO,3.9,6.0,2.9
08077,CO,3.9,9.7,5.3
08079,CO,5.5,5.4,2.2
08081,CO,3.8,8.3,4.0
08083,CO,5.2,8.5,5.0
08085,CO,5.0,10.3,4.1
08087,CO,4.2,6.8,3.5
08089,CO,5.9,10.3,4.7
08091,CO,3.7,9.4,3.7
08093,CO,4.8,6.9,2.8
08095,CO,3.4,5.1,2.0
08097,CO,3.3,7.2,3.4
08099,CO,4.5,7.0,3.2
08101,CO,6.1,10.7,4.8
08103,CO,2.6,8.3,5.1
08105,CO,5.7,12.2,4.9
08107,CO,3.4,7.2,2.6
08109,CO,7.2,11.1,4.9
08111,CO,5.6,9.9,3.8
08113,CO,3.9,7.8,3.3
08115,CO,3.2,7.0,2.3
08117,CO,3.7,6.0,2.1
08119,CO,5.5,8.4,3.7
08121,CO,3.2,4.9,2.2
08123,CO,5.2,7.8,3.4
08125,CO,2.7,5.1,2.1
09000,CT,5.7,8.3,5.1
09001,CT,5.2,7.8,4.9
09003,CT,6.0,8.5,5.4
09005,CT,5.3,7.6,4.7
09007,CT,4.8,7.2,4.4
09009,CT,6.2,9.1,5.5
09011,CT,5.4,8.7,5.1
09013,CT,4.8,7.3,4.5
09015,CT,6.6,9.4,5.6
10000,DE,4.9,7.2,4.5
10001,DE,4.9,7.9,4.9
10003,DE,4.9,7.0,4.4
10005,DE,5.1,7.2,4.5
11000,DC,6.5,9.0,6.1
11001,DC,6.5,9.0,6.1
12000,FL,6.3,8.5,4.8
12001,FL,4.4,6.6,4.3
12003,FL,5.8,8.6,4.9
12005,FL,5.7,8.6,4.7
12007,FL,5.0,7.6,4.2
12009,FL,6.7,9.4,5.1
12011,FL,5.6,8.0,4.5
12013,FL,5.5,9.1,5.7
12015,FL,8.3,9.5,5.3
12017,FL,8.3,10.8,6.7
12019,FL,5.5,7.6,4.5
12021,FL,7.1,8.4,4.6
12023,FL,5.7,8.8,4.9
12027,FL,6.9,9.9,5.3
12029,FL,7.6,10.2,5.4
12031,FL,6.4,8.7,4.9
12033,FL,6.2,8.4,4.9
12035,FL,9.9,9.9,5.5
12037,FL,4.9,6.5,4.3
12039,FL,6.3,10.3,6.2
12041,FL,5.8,9.1,5.0
12043,FL,7.1,7.7,6.2
12045,FL,6.5,8.1,4.6
12047,FL,7.3,8.9,5.6
12049,FL,6.9,8.9,6.6
12051,FL,11.1,12.8,8.5
12053,FL,8.8,10.6,6.0
12055,FL,7.4,10.3,6.5
12057,FL,6.5,7.9,4.4
12059,FL,5.2,8.8,5.4
12061,FL,8.2,11.0,6.0
12063,FL,5.3,8.7,5.2
12065,FL,5.2,9.2,5.2
12067,FL,4.7,5.7,4.4
12069,FL,6.6,8.8,4.8
12071,FL,8.3,8.8,4.6
12073,FL,4.7,7.0,4.5
12075,FL,7.3,9.3,5.1
12077,FL,4.4,7.9,5.1
12079,FL,7.2,8.6,5.2
12081,FL,7.2,8.1,4.5
12083,FL,8.1,10.2,5.8
12085,FL,7.1,8.3,4.8
12086,FL,4.8,8.3,5.2
12087,FL,4.2,5.7,3.2
12089,FL,5.6,8.0,4.5
12091,FL,4.7,6.7,4.0
12093,FL,8.4,10.0,5.1
12095,FL,6.0,8.2,4.3
12097,FL,6.5,9.5,4.9
12099,FL,6.8,8.5,4.7
12101,FL,7.7,9.0,5.1
12103,FL,6.6,8.0,4.3
12105,FL,6.9,9.6,5.5
12107,FL,7.6,11.8,6.3
12109,FL,5.2,6.5,3.8
12111,FL,8.9,10.9,5.8
12113,FL,5.8,7.5,4.5
12115,FL,7.4,8.4,4.5
12117,FL,5.8,8.1,4.3
12119,FL,5.8,10.5,7.1
12121,FL,6.1,8.0,4.9
12123,FL,6.7,9.0,5.4
12125,FL,5.0,7.2,4.3
12127,FL,6.8,9.5,5.0
12129,FL,4.6,7.3,4.1
12131,FL,4.6,7.3,4.3
12133,FL,6.5,8.8,5.1
13000,GA,6.2,9.2,5.4
13001,GA,7.0,11.2,6.4
13003,GA,8.3,11.5,5.2
13005,GA,6.2,9.7,5.2
13007,GA,6.4,11.0,7.7
13009,GA,7.8,11.6,6.8
13011,GA,4.5,8.2,4.9
13013,GA,6.3,8.6,4.7
13015,GA,7.1,9.9,5.1
13017,GA,10.8,13.9,8.2
13019,GA,7.0,10.2,6.1
13021,GA,6.5,10.5,5.9
13023,GA,7.3,12.6,7.9
13025,GA,6.4,12.0,6.7
13027,GA,5.7,9.2,5.2
13029,GA,4.9,8.3,4.9
13031,GA,6.1,9.8,5.7
13033,GA,8.7,12.4,7.7
13035,GA,7.5,10.3,5.6
13037,GA,8.0,7.8,5.6
13039,GA,5.6,8.6,5.8
13043,GA,6.3,8.7,4.8
13045,GA,6.7,10.3,6.0
13047,GA,5.1,7.5,4.8
13049,GA,6.7,9.3,5.6
13051,GA,5.6,9.2,5.2
13053,GA,12.2,11.7,8.3
13055,GA,9.8,10.2,6.3
13057,GA,5.3,7.1,4.3
13059,GA,5.1,8.7,5.5
13061,GA,7.2,12.5,10.4
13063,GA,7.6,12.0,6.6
13065,GA,7.2,9.7,6.1
13067,GA,5.6,7.7,4.6
13069,GA,8.3,11.4,5.8
13071,GA,6.0,8.8,5.3
13073,GA,4.8,7.0,4.6
13075,GA,7.7,9.5,5.4
13077,GA,5.7,8.0,5.0
13079,GA,6.0,9.8,5.9
13081,GA,7.7,12.5,6.0
13083,GA,5.7,7.6,5.0
13085,GA,5.9,8.6,4.7
13087,GA,7.6,10.1,6.6
13089,GA,6.4,9.4,5.4
13091,GA,6.7,11.5,7.3
13093,GA,6.7,11.5,5.8
13095,GA,7.0,11.3,6.8
13097,GA,6.4,9.6,5.6
13099,GA,6.6,10.2,6.9
13101,GA,4.3,7.4,4.3
13103,GA,4.8,8.4,4.8
13105,GA,8.3,12.6,6.5
13107,GA,7.4,12.4,7.7
13109,GA,6.3,8.6,4.9
13111,GA,6.2,10.2,5.3
13113,GA,5.2,7.6,4.7
13115,GA,6.5,10.9,6.0
13117,GA,4.8,6.6,4.2
13119,GA,7.0,11.3,5.2
13121,GA,6.4,9.1,5.4
13123,GA,5.9,10.6,5.7
13125,GA,6.8,9.7,6.0
13127,GA,5.0,9.5,5.3
13129,GA,7.4,9.8,5.6
13131,GA,6.0,8.6,5.4
13133,GA,6.8,11.1,6.0
13135,GA,5.6,7.8,4.8
13137,GA,5.7,9.5,5.3
13139,GA,5.4,7.8,4.5
13141,GA,13.0,17.0,8.4
13143,GA,6.6,10.2,5.8
13145,GA,4.7,7.2,4.9
13147,GA,8.8,10.3,5.4
13149,GA,7.6,10.3,5.9
13151,GA,6.1,9.4,5.5
13153,GA,5.2,8.0,5.3
13155,GA,9.9,11.7,7.8
13157,GA,6.2,8.2,4.3
13159,GA,8.3,9.8,4.8
13161,GA,9.8,11.5,6.4
13163,GA,9.8,13.2,7.4
13165,GA,15.7,13.7,7.5
13167,GA,8.0,10.0,6.1
13169,GA,5.8,8.5,4.8
13171,GA,7.4,12.1,6.6
13173,GA,5.8,9.4,5.8
13175,GA,7.1,12.3,6.6
13177,GA,4.5,7.7,4.7
13179,GA,6.0,8.9,5.8
13181,GA,7.1,10.8,5.9
13183,GA,4.4,8.5,5.4
13185,GA,5.4,9.1,5.3
13187,GA,7.0,8.4,4.8
13189,GA,7.8,12.6,7.3
13191,GA,5.9,9.8,5.8
13193,GA,8.4,13.3,8.3
13195,GA,5.2,8.9,4.9
13197,GA,6.2,10.0,7.3
13199,GA,8.5,12.0,6.9
13201,GA,4.9,8.2,5.4
13205,GA,6.8,8.9,6.6
13207,GA,5.6,8.6,5.2
13209,GA,7.3,11.6,7.4
13211,GA,6.0,9.0,5.0
13213,GA,7.4,12.8,7.1
13215,GA,6.2,9.8,6.8
13217,GA,7.5,11.0,6.0
13219,GA,4.0,6.3,4.1
13221,GA,5.2,8.5,4.9
13223,GA,5.9,8.3,4.6
13225,GA,7.1,11.1,7.0
13227,GA,5.9,9.1,4.9
13229,GA,5.4,9.5,5.3
13231,GA,6.6,9.2,5.2
13233,GA,6.3,10.0,6.1
13235,GA,5.3,9.0,5.9
13237,GA,7.1,11.5,7.0
13239,GA,8.6,9.5,7.3
13241,GA,6.4,11.5,5.9
13243,GA,8.4,12.5,8.4
13245,GA,7.2,10.6,6.8
13247,GA,6.9,10.2,5.8
13249,GA,6.6,10.4,6.3
13251,GA,7.8,13.8,7.5
13253,GA,7.3,10.9,7.9
13255,GA,8.5,12.5,6.9
13257,GA,6.2,10.5,5.9
13259,GA,7.8,9.3,6.4
13261,GA,7.7,11.9,7.6
13263,GA,6.6,10.1,6.7
13265,GA,8.1,14.2,6.9
13267,GA,6.6,8.3,5.3
13269,GA,7.5,13.4,7.5
13271,GA,10.7,11.8,8.4
13273,GA,6.6,10.9,6.5
13275,GA,5.8,9.7,6.2
13277,GA,7.1,10.1,5.4
13279,GA,7.2,11.8,7.8
13281,GA,5.9,11.3,6.8
13283,GA,8.5,13.5,7.7
13285,GA,8.1,9.8,5.1
13287,GA,8.1,11.7,6.5
13289,GA,6.9,14.9,8.7
13291,GA,5.8,8.8,4.7
13293,GA,8.3,10.7,6.4
13295,GA,6.6,9.0,5.6
13297,GA,6.4,9.1,4.9
13299,GA,6.6,10.1,5.4
13301,GA,10.2,15.0,6.9
13303,GA,7.9,10.3,6.3
13305,GA,7.7,10.7,6.8
13307,GA,5.2,9.9,8.6
13309,GA,7.1,13.3,9.0
13311,GA,5.5,8.7,4.6
13313,GA,7.6,10.6,6.1
13315,GA,8.2,11.6,7.2
13317,GA,8.3,12.2,6.6
13319,GA,6.9,11.5,6.3
13321,GA,6.7,10.2,5.8
15000,HI,4.3,6.0,3.0
15001,HI,6.0,8.2,3.6
15003,HI,3.8,5.4,2.8
15007,HI,4.8,7.2,3.1
15009,HI,4.9,6.4,3.0
16000,ID,5.1,7.2,3.8
16001,ID,4.9,6.2,3.3
16003,ID,10.6,14.9,6.9
16005,ID,4.7,6.9,3.6
16007,ID,3.3,5.6,4.6
16009,ID,10.1,12.2,5.9
16011,ID,4.0,6.4,3.5
16013,ID,3.9,7.0,3.2
16015,ID,6.0,9.5,5.3
16017,ID,6.6,10.5,5.4
16019,ID,3.6,6.3,3.2
16021,ID,8.8,9.4,5.2
16023,ID,4.3,8.2,4.1
16025,ID,4.4,9.1,3.6
16027,ID,6.5,9.1,4.4
16029,ID,3.7,6.1,3.6
16031,ID,3.9,5.8,3.0
16033,ID,3.5,7.5,3.3
16035,ID,11.0,12.6,7.3
16037,ID,4.6,8.1,5.1
16039,ID,5.7,7.5,4.1
16041,ID,3.4,4.6,3.1
16043,ID,5.0,6.2,3.4
16045,ID,7.1,9.4,4.7
16047,ID,3.5,5.7,3.1
16049,ID,7.6,10.9,5.7
16051,ID,3.8,6.1,3.1
16053,ID,4.3,6.5,3.1
16055,ID,5.8,8.8,4.7
16057,ID,4.2,5.8,3.2
16059,ID,6.9,9.8,6.1
16061,ID,3.9,5.4,6.4
16063,ID,5.6,9.2,4.5
16065,ID,3.6,4.6,2.4
16067,ID,4.6,6.1,3.2
16069,ID,4.6,5.8,3.3
16071,ID,3.5,4.9,3.6
16073,ID,3.1,4.1,4.6
16075,ID,6.0,7.9,4.6
16077,ID,5.3,7.8,4.1
16079,ID,8.4,13.1,7.1
16081,ID,2.9,5.9,3.2
16083,ID,4.1,6.9,3.4
16085,ID,9.0,11.2,5.4
16087,ID,5.8,8.4,5.5
17000,IL,6.3,9.0,5.8
17001,IL,4.8,6.5,4.8
17003,IL,9.5,11.9,9.3
17005,IL,6.6,9.0,5.1
17007,IL,9.3,10.4,6.4
17009,IL,3.8,5.9,3.4
17011,IL,6.1,9.2,6.0
17013,IL,7.2,10.0,6.2
17015,IL,6.5,8.2,5.7
17017,IL,5.3,8.5,5.6
17019,IL,5.5,7.1,5.0
17021,IL,6.5,9.3,6.4
17023,IL,7.9,9.6,5.8
17025,IL,7.2,9.6,6.8
17027,IL,6.1,6.6,4.5
17029,IL,6.1,8.8,5.9
17031,IL,6.4,9.6,6.0
17033,IL,6.5,7.7,6.2
17035,IL,7.1,7.8,5.2
17037,IL,5.8,8.4,5.3
17039,IL,5.9,8.0,5.7
17041,IL,5.8,7.2,4.7
17043,IL,5.0,7.5,4.7
17045,IL,6.9,9.7,6.0
17047,IL,6.3,7.8,5.8
17049,IL,5.5,6.5,4.7
17051,IL,7.8,9.0,6.6
17053,IL,6.1,7.4,5.4
17055,IL,9.2,10.6,8.1
17057,IL,6.5,9.9,7.4
17059,IL,8.0,8.4,7.6
17061,IL,6.0,8.4,5.8
17063,IL,7.2,11.5,6.7
17065,IL,6.8,8.0,6.3
17067,IL,6.8,8.3,6.5
17069,IL,9.2,10.5,9.7
17071,IL,7.2,8.0,6.1
17073,IL,6.0,7.4,6.0
17075,IL,6.6,8.6,5.5
17077,IL,5.6,7.8,5.4
17079,IL,6.5,7.6,6.3
17081,IL,6.2,9.2,6.4
17083,IL,6.3,9.0,5.8
17085,IL,5.5,7.6,5.4
17087,IL,8.0,11.6,8.7
17089,IL,6.0,8.9,5.5
17091,IL,8.3,10.6,6.5
17093,IL,5.8,8.4,5.1
17095,IL,6.4,8.3,6.2
17097,IL,6.4,8.1,5.2
17099,IL,7.7,10.0,6.8
17101,IL,7.3,10.2,7.4
17103,IL,6.8,8.3,5.1
17105,IL,5.8,7.7,5.4
17107,IL,6.6,7.5,5.3
17109,IL,5.4,7.7,6.3
17111,IL,5.8,9.0,5.2
17113,IL,4.9,6.4,5.1
17115,IL,6.8,9.9,6.6
17117,IL,7.4,9.5,6.0
17119,IL,6.4,8.8,5.9
17121,IL,8.2,9.8,6.4
17123,IL,5.4,8.3,6.6
17125,IL,7.8,10.0,7.1
17127,IL,7.0,9.6,7.1
17129,IL,5.5,7.1,4.7
17131,IL,6.7,7.7,6.2
17133,IL,5.2,6.7,4.1
17135,IL,8.5,11.2,7.1
17137,IL,6.0,7.7,4.9
17139,IL,5.1,7.1,4.6
17141,IL,7.7,10.1,5.9
17143,IL,5.7,8.4,6.9
17145,IL,9.5,10.6,7.1
17147,IL,4.9,6.7,4.9
17149,IL,5.8,7.5,5.1
17151,IL,8.3,8.6,6.9
17153,IL,9.2,11.4,8.5
17155,IL,7.0,9.3,5.6
17157,IL,6.5,8.4,5.0
17159,IL,6.4,8.0,5.9
17161,IL,5.5,8.0,6.3
17163,IL,7.5,9.5,6.1
17165,IL,8.0,9.1,8.6
17167,IL,5.6,7.4,5.0
17169,IL,5.1,7.9,5.6
17171,IL,5.9,8.7,5.7
17173,IL,6.5,8.6,5.7
17175,IL,6.3,8.1,7.4
17177,IL,6.7,9.0,5.9
17179,IL,5.2,7.5,6.4
17181,IL,8.5,10.9,7.4
17183,IL,7.7,9.3,7.3
17185,IL,7.2,7.9,6.3
17187,IL,5.6,7.1,5.3
17189,IL,5.9,6.3,3.8
17191,IL,6.3,7.7,8.5
17193,IL,6.3,7.6,6.6
17195,IL,6.7,8.8,5.8
17197,IL,6.1,9.8,6.0
17199,IL,6.9,8.6,6.2
17201,IL,8.4,10.5,6.7
17203,IL,4.2,6.0,5.5
18000,IN,5.9,8.3,4.4
18001,IN,7.6,7.0,3.6
18003,IN,6.0,8.4,4.3
18005,IN,4.6,6.4,3.4
18007,IN,5.2,7.5,4.2
18009,IN,7.6,11.4,5.4
18011,IN,4.3,6.1,3.4
18013,IN,5.7,8.0,4.0
18015,IN,5.9,7.4,4.2
18017,IN,6.3,8.6,4.6
18019,IN,5.3,7.8,4.2
18021,IN,7.1,9.9,4.7
18023,IN,5.5,8.0,3.9
18025,IN,7.5,10.6,5.6
18027,IN,3.8,6.0,3.5
18029,IN,5.9,8.9,4.7
18031,IN,6.3,8.1,3.6
18033,IN,7.3,8.3,3.9
18035,IN,6.7,9.4,5.1
18037,IN,3.8,5.7,3.1
18039,IN,8.6,8.9,3.5
18041,IN,11.4,11.1,5.8
18043,IN,5.1,7.1,4.1
18045,IN,5.3,8.4,5.8
18047,IN,6.6,9.5,4.3
18049,IN,6.6,8.4,4.7
18051,IN,5.2,6.8,3.6
18053,IN,7.6,9.7,4.9
18055,IN,6.2,10.5,6.5
18057,IN,3.8,5.3,3.2
18059,IN,4.8,7.3,3.8
18061,IN,5.9,7.7,4.2
18063,IN,4.3,6.3,3.5
18065,IN,7.0,10.1,4.6
18067,IN,7.8,9.1,4.7
18069,IN,6.7,8.8,4.1
18071,IN,5.3,7.5,3.7
18073,IN,5.8,8.1,5.3
18075,IN,5.8,7.9,4.5
18077,IN,6.1,8.5,4.7
18079,IN,7.2,10.3,4.7
18081,IN,4.7,7.0,3.6
18083,IN,5.0,7.1,4.4
18085,IN,6.5,7.7,3.7
18087,IN,8.6,7.1,3.4
18089,IN,6.2,9.1,6.3
18091,IN,6.2,9.8,5.9
18093,IN,8.3,11.0,5.7
18095,IN,6.9,10.0,5.0
18097,IN,5.6,9.2,4.5
18099,IN,7.3,8.2,3.7
18101,IN,4.9,7.1,4.1
18103,IN,7.9,9.7,4.7
18105,IN,4.5,7.3,4.7
18107,IN,4.9,8.2,3.8
18109,IN,5.8,8.4,4.3
18111,IN,6.3,9.6,5.6
18113,IN,8.5,8.6,4.1
18115,IN,6.2,8.9,4.9
18117,IN,6.4,10.8,5.1
18119,IN,6.4,10.8,5.6
18121,IN,6.0,10.2,5.2
18123,IN,5.2,8.4,4.6
18125,IN,5.6,7.4,4.3
18127,IN,4.8,7.6,5.1
18129,IN,4.9,6.8,3.9
18131,IN,5.6,7.4,4.5
18133,IN,6.7,9.9,4.5
18135,IN,6.9,9.6,4.5
18137,IN,6.0,9.0,4.6
18139,IN,6.2,8.5,3.8
18141,IN,6.6,9.5,4.5
18143,IN,6.5,10.3,4.8
18145,IN,5.9,8.4,4.0
18147,IN,5.1,7.2,4.1
18149,IN,7.8,10.6,5.4
18151,IN,7.5,7.3,3.7
18153,IN,6.7,9.3,5.9
18155,IN,5.0,7.7,4.9
18157,IN,4.7,7.0,4.1
18159,IN,7.2,7.8,3.8
18161,IN,6.2,8.1,4.0
18163,IN,5.2,7.7,4.1
18165,IN,7.2,11.4,6.6
18167,IN,6.4,9.9,5.4
18169,IN,7.5,8.5,4.3
18171,IN,4.1,7.4,4.8
18173,IN,4.6,6.8,4.0
18175,IN,6.6,9.4,4.6
18177,IN,7.1,9.9,4.8
18179,IN,5.6,7.2,3.6
18181,IN,5.8,7.8,4.0
18183,IN,6.4,8.0,3.9
19000,IA,4.2,5.0,3.6
19001,IA,4.1,4.4,3.0
19003,IA,4.3,4.0,2.6
19005,IA,6.5,6.4,5.0
19007,IA,5.5,6.5,4.7
19009,IA,4.5,4.8,3.3
19011,IA,4.2,5.3,3.6
19013,IA,4.1,5.4,4.6
19015,IA,3.6,4.3,2.8
19017,IA,3.6,3.8,3.6
19019,IA,4.1,4.8,4.1
19021,IA,3.6,4.2,3.5
19023,IA,4.7,4.5,4.3
19025,IA,3.5,5.5,3.8
19027,IA,2.9,3.7,2.6
19029,IA,4.6,5.2,3.3
19031,IA,3.7,4.5,3.3
19033,IA,4.8,5.6,3.6
19035,IA,3.5,4.3,3.6
19037,IA,4.9,5.2,4.4
19039,IA,4.7,6.0,3.4
19041,IA,3.5,5.0,3.9
19043,IA,5.5,5.7,4.2
19045,IA,4.3,6.1,4.9
19047,IA,3.3,4.5,5.5
19049,IA,3.3,3.9,2.6
19051,IA,5.0,5.8,4.3
19053,IA,3.8,4.4,3.2
19055,IA,4.0,4.5,3.5
19057,IA,5.9,6.1,4.9
19059,IA,4.4,5.6,4.3
19061,IA,4.4,4.5,3.6
19063,IA,4.0,4.5,4.3
19065,IA,5.4,5.4,4.4
19067,IA,5.9,6.2,3.6
19069,IA,4.5,4.5,3.5
19071,IA,4.5,5.1,3.3
19073,IA,3.9,5.0,3.1
19075,IA,3.6,4.6,3.5
19077,IA,4.4,5.6,3.6
19079,IA,3.9,6.9,3.8
19081,IA,6.4,4.6,2.7
19083,IA,4.3,5.3,3.9
19085,IA,4.2,5.0,3.4
19087,IA,5.4,5.9,3.6
19089,IA,4.7,4.6,3.6
19091,IA,3.7,4.2,2.9
19093,IA,3.9,4.0,2.6
19095,IA,4.2,4.5,3.1
19097,IA,5.2,5.5,4.2
19099,IA,7.7,5.9,3.6
19101,IA,4.5,5.3,3.7
19103,IA,3.0,3.7,2.6
19105,IA,4.5,5.3,4.3
19107,IA,4.6,5.5,4.3
19109,IA,4.0,3.9,2.6
19111,IA,6.6,7.2,6.0
19113,IA,4.1,5.2,3.7
19115,IA,4.8,5.5,3.9
19117,IA,4.1,4.8,3.2
19119,IA,2.7,3.0,2.0
19121,IA,4.8,5.6,3.5
19123,IA,4.6,5.2,3.7
19125,IA,4.0,4.8,3.0
19127,IA,5.2,6.4,4.9
19129,IA,3.7,4.6,3.6
19131,IA,4.1,4.6,2.6
19133,IA,5.4,6.4,4.1
19135,IA,4.5,5.8,4.6
19137,IA,5.8,5.1,3.5
19139,IA,4.4,5.7,3.8
19141,IA,3.3,3.8,2.8
19143,IA,3.9,4.1,2.6
19145,IA,4.8,5.4,5.0
19147,IA,4.3,4.3,3.1
19149,IA,3.4,4.1,2.6
19151,IA,3.2,4.0,2.9
19153,IA,4.1,5.2,3.5
19155,IA,4.3,5.1,3.4
19157,IA,4.6,4.9,3.4
19159,IA,4.6,4.4,3.5
19161,IA,3.7,4.2,3.0
19163,IA,4.3,5.7,4.5
19165,IA,3.1,3.8,2.9
19167,IA,2.8,3.5,2.3
19169,IA,3.2,3.6,2.3
19171,IA,5.4,6.0,4.2
19173,IA,4.0,4.1,2.9
19175,IA,4.6,5.1,3.8
19177,IA,4.9,5.8,3.7
19179,IA,5.0,6.9,5.8
19181,IA,3.8,4.8,3.2
19183,IA,4.1,4.2,2.9
19185,IA,4.2,5.4,3.8
19187,IA,4.4,6.3,4.0
19189,IA,6.5,5.3,3.5
19191,IA,4.4,4.6,3.5
19193,IA,3.9,5.2,3.6
19195,IA,5.2,5.5,3.4
19197,IA,4.5,5.4,4.1
20000,KS,4.6,5.7,4.0
20001,KS,4.6,7.2,5.6
20003,KS,4.8,6.5,4.3
20005,KS,4.6,7.7,6.2
20007,KS,3.3,3.9,3.7
20009,KS,3.3,4.5,4.5
20011,KS,4.9,7.7,4.9
20013,KS,4.4,5.4,3.6
20015,KS,4.4,6.2,4.2
20017,KS,4.2,5.3,3.5
20019,KS,4.6,6.5,5.2
20021,KS,5.2,7.8,4.4
20023,KS,3.2,3.6,2.8
20025,KS,3.2,3.5,2.8
20027,KS,3.4,5.2,4.1
20029,KS,3.7,5.0,4.1
20031,KS,4.7,7.0,6.2
20033,KS,3.2,3.9,3.1
20035,KS,4.5,6.2,4.4
20037,KS,5.3,6.6,4.8
20039,KS,3.1,4.4,4.0
20041,KS,4.0,6.0,4.4
20043,KS,5.6,6.3,3.9
20045,KS,4.2,5.1,3.5
20047,KS,2.8,4.0,3.0
20049,KS,5.7,6.8,5.0
20051,KS,3.0,3.4,3.1
20053,KS,3.3,3.5,3.9
20055,KS,3.5,4.5,3.1
20057,KS,3.0,3.9,3.2
20059,KS,5.6,7.3,4.2
20061,KS,4.7,8.7,5.6
20063,KS,2.8,3.0,2.4
20065,KS,3.4,3.4,4.4
20067,KS,2.9,3.9,3.6
20069,KS,2.6,3.1,2.3
20071,KS,3.8,3.1,2.1
20073,KS,5.3,5.6,4.9
20075,KS,3.4,2.7,2.7
20077,KS,3.2,4.3,3.6
20079,KS,3.9,5.4,4.2
20081,KS,2.7,3.4,2.6
20083,KS,3.4,3.4,2.6
20085,KS,5.8,5.6,3.5
20087,KS,5.3,6.1,3.9
20089,KS,3.2,4.3,4.3
20091,KS,4.6,4.6,3.3
20093,KS,3.4,4.0,3.2
20095,KS,3.3,6.1,4.4
20097,KS,3.4,3.8,2.8
20099,KS,5.3,8.0,5.4
20101,KS,3.7,4.6,3.1
20103,KS,5.8,6.4,4.3
20105,KS,3.7,4.9,3.4
20107,KS,6.7,9.9,6.4
20109,KS,2.8,3.0,2.6
20111,KS,5.9,5.8,4.1
20113,KS,3.6,4.1,3.2
20115,KS,3.7,5.1,3.9
20117,KS,3.7,4.2,3.0
20119,KS,3.0,3.4,2.7
20121,KS,5.1,6.3,4.2
20123,KS,3.3,3.0,3.3
20125,KS,5.6,7.7,6.1
20127,KS,4.8,6.1,3.8
20129,KS,2.8,3.7,3.9
20131,KS,3.1,3.6,2.7
20133,KS,4.9,8.8,7.2
20135,KS,3.1,3.3,3.4
20137,KS,3.2,3.1,2.4
20139,KS,6.0,7.3,4.4
20141,KS,3.4,4.3,3.4
20143,KS,3.7,5.4,3.8
20145,KS,3.2,4.1,3.3
20147,KS,4.3,4.5,3.2
20149,KS,3.6,4.7,3.5
20151,KS,3.5,4.5,4.1
20153,KS,3.5,2.7,2.4
20155,KS,4.1,5.5,4.4
20157,KS,3.1,3.8,2.8
20159,KS,3.8,4.5,4.0
20161,KS,3.5,4.4,3.4
20163,KS,4.6,4.6,4.7
20165,KS,3.9,4.7,4.0
20167,KS,3.7,4.1,4.2
20169,KS,3.8,5.8,3.7
20171,KS,2.7,3.1,2.5
20173,KS,4.5,6.9,4.7
20175,KS,3.1,4.1,4.4
20177,KS,5.0,6.2,4.0
20179,KS,2.6,2.8,2.4
20181,KS,3.1,3.8,3.3
20183,KS,4.0,3.9,3.2
20185,KS,3.7,4.6,3.7
20187,KS,3.3,3.5,2.8
20189,KS,3.4,3.5,4.0
20191,KS,4.6,6.4,4.2
20193,KS,3.1,3.5,2.7
20195,KS,3.0,4.3,4.0
20197,KS,4.5,5.4,3.6
20199,KS,4.8,4.2,2.7
20201,KS,3.6,4.2,3.3
20203,KS,3.2,5.3,2.3
20205,KS,5.6,9.9,6.0
20207,KS,5.7,6.2,5.8
20209,KS,8.1,8.4,5.6
21000,KY,6.4,8.2,5.1
21001,KY,6.8,9.5,6.6
21003,KY,7.0,8.0,4.3
21005,KY,6.4,6.9,4.1
21007,KY,6.2,9.1,9.0
21009,KY,6.1,7.9,4.7
21011,KY,8.9,10.4,7.4
21013,KY,8.9,11.9,9.2
21015,KY,5.4,6.8,3.8
21017,KY,5.8,7.3,4.8
21019,KY,5.9,9.3,8.2
21021,KY,6.7,9.0,5.0
21023,KY,7.2,9.4,6.1
21025,KY,7.3,14.5,9.9
21027,KY,7.5,9.7,6.3
21029,KY,7.0,8.1,4.2
21031,KY,7.9,9.0,5.5
21033,KY,6.5,8.3,5.5
21035,KY,5.8,7.1,4.6
21037,KY,6.0,6.9,3.8
21039,KY,6.5,8.0,6.5
21041,KY,7.5,10.2,5.0
21043,KY,8.2,12.5,10.6
21045,KY,6.3,8.4,4.9
21047,KY,8.3,9.3,6.2
21049,KY,6.3,8.1,4.8
21051,KY,10.4,14.0,10.2
21053,KY,6.5,10.9,7.6
21055,KY,6.5,7.7,5.3
21057,KY,7.8,10.8,5.7
21059,KY,5.7,7.0,4.5
21061,KY,7.5,10.0,6.2
21063,KY,8.3,14.4,11.6
21065,KY,7.8,10.0,5.9
21067,KY,4.8,5.8,3.6
21069,KY,7.2,9.0,6.3
21071,KY,6.7,11.6,11.4
21073,KY,5.8,6.7,4.1
21075,KY,7.6,11.3,7.0
21077,KY,7.1,9.3,4.9
21079,KY,6.5,8.4,4.9
21081,KY,7.0,9.0,4.9
21083,KY,6.9,8.2,6.3
21085,KY,9.9,10.3,6.8
21087,KY,7.7,8.3,4.5
21089,KY,6.2,9.9,8.7
21091,KY,5.8,7.2,5.4
21093,KY,6.2,8.2,4.5
21095,KY,8.9,14.1,13.2
21097,KY,6.3,7.9,4.7
21099,KY,6.6,8.3,4.8
21101,KY,6.1,7.5,4.8
21103,KY,6.2,7.3,4.1
21105,KY,7.0,8.1,6.0
21107,KY,7.3,7.7,5.7
21109,KY,11.3,11.8,8.0
21111,KY,6.3,7.9,4.4
21113,KY,5.5,6.7,3.9
21115,KY,6.9,10.2,10.4
21117,KY,5.9,7.4,4.1
21119,KY,6.8,13.8,11.6
21121,KY,7.6,12.8,8.0
21123,KY,6.5,8.6,4.6
21125,KY,6.6,10.2,6.2
21127,KY,8.6,10.6,11.0
21129,KY,7.4,12.6,9.8
21131,KY,8.3,14.3,13.6
21133,KY,6.9,13.5,12.5
21135,KY,9.5,11.6,9.9
21137,KY,7.5,10.3,6.1
21139,KY,6.1,9.7,7.2
21141,KY,6.3,7.6,4.4
21143,KY,7.6,9.2,5.9
21145,KY,5.8,8.0,5.8
21147,KY,9.6,13.2,8.1
21149,KY,7.1,7.6,4.8
21151,KY,5.5,6.7,4.2
21153,KY,10.7,17.2,19.9
21155,KY,6.4,8.9,4.3
21157,KY,6.3,8.1,5.8
21159,KY,7.6,9.1,10.4
21161,KY,6.0,9.4,6.4
21163,KY,7.7,9.8,5.2
21165,KY,9.9,11.6,8.7
21167,KY,6.3,8.2,4.9
21169,KY,7.0,8.0,4.6
21171,KY,8.3,7.2,4.2
21173,KY,7.4,8.8,6.5
21175,KY,9.7,10.6,8.1
21177,KY,8.5,9.8,7.4
21179,KY,7.3,8.3,4.6
21181,KY,7.3,8.2,5.8
21183,KY,6.4,8.7,6.7
21185,KY,5.6,5.9,3.4
21187,KY,6.5,6.6,4.3
21189,KY,8.0,12.8,9.9
21191,KY,7.7,8.8,4.8
21193,KY,6.8,12.5,10.9
21195,KY,5.8,9.7,10.9
21197,KY,8.6,10.9,7.2
21199,KY,6.7,9.4,5.5
21201,KY,6.1,10.2,6.2
21203,KY,7.3,10.2,6.1
21205,KY,6.0,8.3,6.0
21207,KY,7.3,10.3,8.5
21209,KY,5.4,6.5,3.8
21211,KY,5.7,6.2,3.6
21213,KY,6.4,8.5,4.5
21215,KY,7.3,7.0,3.8
21217,KY,6.1,9.6,5.0
21219,KY,7.1,7.6,4.5
21221,KY,7.7,9.4,5.6
21223,KY,7.3,9.0,5.4
21225,KY,6.5,7.8,6.8
21227,KY,5.4,6.9,3.9
21229,KY,7.2,7.5,4.3
21231,KY,8.3,13.0,7.7
21233,KY,6.3,7.1,6.1
21235,KY,7.3,10.7,6.6
21237,KY,9.8,14.2,10.2
21239,KY,4.8,5.4,3.2
22000,LA,4.9,7.1,6.1
22001,LA,4.2,6.0,7.4
22003,LA,6.2,8.0,6.4
22005,LA,4.4,6.1,4.9
22007,LA,5.8,9.7,8.4
22009,LA,6.0,7.6,7.1
22011,LA,5.5,7.5,6.1
22013,LA,6.5,9.0,7.6
22015,LA,4.5,5.8,5.3
22017,LA,5.7,7.7,6.6
22019,LA,4.5,6.9,4.8
22021,LA,5.2,8.7,7.6
22023,LA,4.4,5.2,4.4
22025,LA,6.8,8.9,9.3
22027,LA,6.3,7.4,6.7
22029,LA,7.4,8.8,8.3
22031,LA,7.2,9.0,7.3
22033,LA,4.7,6.7,5.2
22035,LA,10.5,20.0,11.6
22037,LA,5.4,7.5,5.8
22039,LA,5.4,7.4,7.4
22041,LA,7.6,10.4,9.1
22043,LA,5.3,7.9,7.0
22045,LA,4.3,6.8,9.4
22047,LA,6.9,9.4,6.9
22049,LA,4.9,6.8,5.6
22051,LA,4.5,6.7,5.3
22053,LA,4.0,6.5,6.0
22055,LA,3.4,5.0,6.1
22057,LA,3.5,5.3,6.3
22059,LA,4.0,5.1,6.6
22061,LA,5.5,8.6,6.2
22063,LA,4.4,6.4,5.1
22065,LA,7.9,12.1,9.0
22067,LA,9.0,13.0,9.7
22069,LA,6.1,8.9,6.7
22071,LA,6.0,7.9,5.9
22073,LA,5.2,7.7,6.1
22075,LA,4.7,5.9,5.4
22077,LA,5.3,8.2,6.5
22079,LA,4.6,7.0,6.2
22081,LA,7.8,7.3,6.0
22083,LA,6.6,9.7,7.4
22085,LA,5.0,7.0,6.9
22087,LA,4.5,8.0,6.1
22089,LA,4.7,6.6,5.3
22091,LA,8.9,12.1,7.7
22093,LA,7.5,10.1,7.5
22095,LA,6.1,9.3,6.8
22097,LA,5.3,8.3,8.1
22099,LA,4.2,6.2,7.8
22101,LA,4.9,7.5,9.4
22103,LA,4.0,5.9,5.0
22105,LA,5.7,8.5,6.7
22107,LA,8.5,10.8,9.8
22109,LA,3.8,5.3,7.0
22111,LA,5.5,8.3,6.6
22113,LA,4.4,5.7,7.6
22115,LA,4.9,8.3,7.2
22117,LA,6.5,8.8,7.0
22119,LA,6.3,9.6,8.5
22121,LA,4.9,6.9,5.3
22123,LA,10.4,13.6,12.0
22125,LA,5.8,6.1,5.2
22127,LA,5.7,8.5,7.8
23000,ME,5.5,7.5,3.8
23001,ME,5.5,7.7,3.6
23003,ME,7.0,9.3,5.4
23005,ME,4.2,6.0,2.9
23007,ME,7.1,8.7,4.5
23009,ME,6.1,8.7,4.5
23011,ME,5.3,7.2,3.6
23013,ME,5.3,6.9,3.5
23015,ME,5.2,7.3,3.7
23017,ME,6.9,9.7,4.6
23019,ME,5.8,7.8,4.3
23021,ME,8.4,9.5,5.0
23023,ME,4.8,6.6,3.0
23025,ME,7.9,10.0,5.6
23027,ME,6.2,8.3,4.2
23029,ME,8.5,10.3,5.5
23031,ME,4.9,6.9,3.4
24000,MD,4.2,7.0,4.5
24001,MD,5.7,8.9,6.3
24003,MD,3.7,6.0,3.8
24005,MD,4.4,7.4,4.7
24009,MD,3.4,6.3,3.9
24011,MD,5.3,7.7,4.8
24013,MD,3.7,5.9,3.6
24015,MD,5.1,8.3,5.2
24017,MD,3.6,6.7,4.3
24019,MD,6.7,10.8,6.2
24021,MD,3.6,6.1,3.9
24023,MD,4.8,8.3,5.7
24025,MD,4.1,6.9,4.2
24027,MD,3.1,5.0,3.3
24029,MD,4.8,7.6,4.9
24031,MD,3.2,5.2,3.5
24033,MD,4.3,7.3,4.5
24035,MD,4.0,6.3,3.9
24037,MD,3.6,6.2,4.3
24039,MD,6.4,11.3,7.3
24041,MD,4.2,7.2,4.2
24043,MD,5.5,7.8,5.1
24045,MD,5.2,9.4,6.2
24047,MD,7.2,12.9,9.3
24510,MD,6.5,10.2,6.6
25000,MA,5.5,6.7,3.9
25001,MA,6.0,8.5,4.9
25003,MA,5.3,7.4,4.5
25005,MA,7.3,8.7,4.9
25007,MA,4.3,8.8,5.2
25009,MA,5.9,7.1,4.0
25011,MA,5.2,6.1,3.5
25013,MA,6.7,8.6,5.2
25015,MA,4.5,5.8,3.6
25017,MA,4.5,5.4,3.2
25019,MA,3.4,7.8,4.4
25021,MA,4.9,5.7,3.4
25023,MA,5.9,7.0,4.1
25025,MA,5.4,6.1,3.5
25027,MA,6.0,7.2,4.1
26000,MI,8.0,9.1,5.0
26001,MI,11.4,12.7,7.7
26003,MI,9.3,11.9,8.2
26005,MI,7.3,7.4,3.9
26007,MI,8.8,9.7,6.0
26009,MI,9.3,11.5,7.1
26011,MI,10.3,12.8,8.3
26013,MI,13.4,14.1,8.2
26015,MI,6.4,6.8,4.0
26017,MI,7.5,8.7,5.5
26019,MI,8.9,10.5,6.6
26021,MI,7.8,9.0,5.0
26023,MI,8.3,8.9,4.8
26025,MI,7.4,8.4,4.8
26027,MI,6.7,8.4,4.7
26029,MI,9.6,10.8,5.5
26031,MI,11.1,11.8,9.4
26033,MI,9.5,10.0,7.7
26035,MI,11.4,11.8,7.3
26037,MI,5.8,6.1,3.7
26039,MI,9.2,11.8,7.6
26041,MI,8.3,9.9,6.6
26043,MI,6.7,8.4,5.2
26045,MI,6.1,6.9,4.1
26047,MI,9.7,11.9,6.5
26049,MI,10.1,10.0,5.6
26051,MI,10.6,11.8,7.0
26053,MI,8.4,11.1,6.1
26055,MI,7.3,8.3,4.3
26057,MI,9.2,9.0,5.2
26059,MI,10.2,9.2,5.1
26061,MI,7.7,9.0,6.1
26063,MI,8.8,8.1,5.2
26065,MI,6.9,7.8,4.3
26067,MI,8.3,8.5,4.2
26069,MI,10.7,11.2,7.3
26071,MI,8.2,9.5,6.5
26073,MI,5.9,7.4,4.7
26075,MI,8.2,8.5,4.8
26077,MI,6.1,7.2,4.1
26079,MI,8.6,11.3,7.2
26081,MI,6.6,6.8,3.5
26083,MI,10.7,12.7,8.6
26085,MI,11.1,13.1,7.5
26087,MI,9.4,11.6,6.4
26089,MI,6.0,8.0,4.9
26091,MI,9.7,8.4,4.6
26093,MI,6.3,7.9,4.1
26095,MI,9.1,10.9,6.7
26097,MI,11.5,12.1,9.9
26099,MI,8.1,9.8,5.2
26101,MI,8.7,10.8,6.6
26103,MI,6.8,8.1,5.7
26105,MI,8.3,9.7,5.8
26107,MI,8.4,10.1,5.6
26109,MI,6.2,8.0,5.2
26111,MI,6.1,7.8,4.7
26113,MI,10.2,9.7,6.0
26115,MI,8.5,7.7,4.3
26117,MI,11.3,10.2,5.3
26119,MI,13.7,16.2,10.2
26121,MI,8.4,10.0,5.5
26123,MI,8.8,9.2,4.9
26125,MI,6.6,8.2,4.1
26127,MI,10.2,12.6,7.3
26129,MI,9.1,11.4,7.8
26131,MI,9.1,13.4,8.5
26133,MI,9.3,10.0,5.7
26135,MI,12.6,15.6,7.3
26137,MI,9.9,10.7,6.0
26139,MI,6.8,6.6,3.4
26141,MI,13.4,14.5,9.6
26143,MI,10.9,13.4,8.5
26145,MI,8.3,9.2,5.3
26147,MI,9.7,11.8,6.1
26149,MI,8.5,8.9,4.1
26151,MI,10.9,10.5,6.2
26153,MI,11.1,12.6,9.1
26155,MI,9.6,9.6,5.3
26157,MI,10.0,10.6,6.3
26159,MI,8.0,10.5,5.8
26161,MI,5.6,6.0,3.7
26163,MI,9.3,11.7,6.3
26165,MI,10.8,11.0,5.9
27000,MN,5.4,5.6,3.9
27001,MN,8.1,8.1,7.0
27003,MN,5.5,5.9,3.7
27005,MN,6.8,5.8,4.6
27007,MN,6.9,7.0,5.2
27009,MN,6.1,6.4,4.4
27011,MN,5.5,5.2,4.8
27013,MN,4.4,4.8,3.2
27015,MN,6.0,5.6,4.2
27017,MN,6.7,6.9,5.3
27019,MN,4.9,4.8,3.3
27021,MN,8.6,8.9,6.8
27023,MN,5.2,5.3,4.5
27025,MN,6.8,6.6,4.3
27027,MN,3.7,4.8,3.4
27029,MN,11.4,10.5,9.6
27031,MN,5.6,6.2,4.5
27033,MN,5.3,6.5,7.2
27035,MN,6.9,7.7,5.1
27037,MN,4.9,5.2,3.4
27039,MN,5.2,5.0,3.7
27041,MN,5.0,5.0,3.5
27043,MN,6.2,5.8,4.4
27045,MN,6.1,5.5,4.0
27047,MN,5.7,5.8,3.8
27049,MN,5.7,5.2,3.7
27051,MN,7.0,6.1,4.7
27053,MN,4.9,5.2,3.3
27055,MN,5.8,5.8,3.9
27057,MN,7.6,8.0,6.5
27059,MN,6.9,7.0,4.7
27061,MN,7.9,7.8,8.5
27063,MN,4.2,4.5,4.5
27065,MN,10.3,9.0,6.5
27067,MN,5.0,5.2,3.8
27069,MN,5.7,5.8,4.6
27071,MN,7.7,8.0,8.5
27073,MN,4.8,5.0,4.3
27075,MN,5.3,6.0,6.3
27077,MN,6.0,6.1,4.8
27079,MN,7.4,6.5,4.9
27081,MN,5.1,4.7,3.7
27083,MN,4.4,4.4,3.6
27085,MN,6.0,6.8,4.4
27087,MN,7.2,6.9,5.8
27089,MN,7.9,7.7,7.3
27091,MN,4.9,5.6,4.1
27093,MN,6.6,6.6,4.5
27095,MN,9.0,8.3,5.9
27097,MN,7.6,7.1,5.6
27099,MN,4.6,5.0,3.2
27101,MN,5.1,5.2,4.7
27103,MN,4.3,4.6,2.8
27105,MN,4.2,4.3,3.8
27107,MN,5.6,5.9,4.8
27109,MN,4.4,4.4,3.0
27111,MN,6.1,5.6,4.3
27113,MN,7.1,6.6,5.7
27115,MN,8.6,7.5,5.8
27117,MN,4.4,5.0,3.8
27119,MN,5.0,6.2,4.3
27121,MN,5.3,4.7,3.5
27123,MN,5.3,5.7,3.6
27125,MN,7.9,7.2,7.3
27127,MN,5.4,5.5,4.1
27129,MN,5.8,6.8,5.2
27131,MN,5.9,5.8,3.5
27133,MN,3.9,3.6,2.3
27135,MN,4.9,4.7,5.1
27137,MN,6.3,6.5,5.7
27139,MN,5.0,5.0,3.2
27141,MN,6.2,6.2,4.1
27143,MN,6.3,6.0,4.3
27145,MN,5.6,5.4,3.8
27147,MN,5.1,5.4,3.6
27149,MN,4.7,4.2,3.0
27151,MN,6.1,6.2,5.4
27153,MN,6.5,5.8,4.7
27155,MN,5.5,5.0,3.9
27157,MN,5.0,5.2,3.7
27159,MN,8.2,7.8,5.9
27161,MN,5.4,5.8,4.3
27163,MN,5.0,5.1,3.3
27165,MN,6.5,5.6,4.9
27167,MN,4.4,4.7,3.2
27169,MN,4.8,4.9,3.5
27171,MN,6.1,5.9,3.8
27173,MN,5.1,5.0,3.8
28000,MS,6.6,9.0,5.8
28001,MS,6.5,9.9,8.2
28003,MS,7.6,8.7,5.2
28005,MS,7.0,10.0,7.3
28007,MS,8.9,9.8,6.7
28009,MS,11.0,10.6,6.7
28011,MS,8.4,10.6,7.2
28013,MS,8.8,8.3,5.3
28015,MS,7.0,11.0,7.2
28017,MS,10.7,10.2,6.5
28019,MS,7.9,9.1,5.6
28021,MS,10.7,15.4,11.3
28023,MS,7.6,10.8,6.7
28025,MS,12.8,14.1,8.1
28027,MS,9.0,12.6,8.7
28029,MS,7.1,11.0,6.5
28031,MS,5.9,8.5,5.4
28033,MS,4.6,6.5,4.2
28035,MS,5.6,9.0,5.7
28037,MS,7.5,9.8,7.1
28039,MS,7.4,10.2,7.4
28041,MS,9.0,11.2,7.3
28043,MS,7.3,9.2,5.1
28045,MS,5.5,8.5,6.1
28047,MS,5.4,8.2,5.5
28049,MS,5.9,8.8,5.4
28051,MS,12.9,16.5,11.0
28053,MS,9.6,19.0,11.4
28055,MS,8.6,17.6,14.0
28057,MS,8.0,8.4,5.0
28059,MS,5.7,9.5,6.5
28061,MS,7.0,10.2,7.6
28063,MS,13.1,17.4,14.9
28065,MS,6.8,12.9,8.2
28067,MS,5.2,7.6,6.1
28069,MS,8.1,13.1,8.7
28071,MS,5.2,7.7,4.9
28073,MS,4.6,6.5,4.5
28075,MS,6.7,9.0,5.8
28077,MS,7.7,10.3,7.1
28079,MS,6.7,9.2,6.0
28081,MS,6.9,8.3,4.8
28083,MS,8.8,14.0,9.0
28085,MS,7.2,8.6,5.7
28087,MS,7.6,9.1,6.1
28089,MS,5.1,6.2,4.3
28091,MS,6.9,10.2,6.5
28093,MS,8.0,10.9,6.0
28095,MS,9.6,11.1,6.3
28097,MS,8.6,11.7,6.4
28099,MS,5.3,8.4,5.7
28101,MS,6.5,8.0,5.9
28103,MS,13.5,13.1,8.2
28105,MS,6.2,8.4,5.4
28107,MS,8.3,12.1,7.3
28109,MS,6.6,8.2,5.9
28111,MS,8.1,11.5,7.1
28113,MS,6.9,10.5,6.8
28115,MS,7.7,7.8,4.7
28117,MS,8.0,8.6,5.4
28119,MS,8.8,13.9,9.7
28121,MS,4.1,5.7,3.9
28123,MS,5.0,7.6,4.6
28125,MS,8.5,13.6,8.7
28127,MS,5.8,8.2,5.4
28129,MS,6.4,7.3,5.2
28131,MS,5.8,10.3,6.7
28133,MS,10.2,14.4,9.3
28135,MS,8.3,11.3,6.8
28137,MS,6.7,9.2,5.8
28139,MS,9.9,10.1,5.5
28141,MS,8.8,10.3,5.5
28143,MS,10.5,12.3,7.1
28145,MS,6.9,8.0,4.4
28147,MS,7.1,11.2,7.7
28149,MS,6.3,9.0,6.3
28151,MS,9.4,14.5,9.0
28153,MS,7.4,11.1,7.3
28155,MS,9.2,9.1,6.2
28157,MS,7.9,12.3,10.1
28159,MS,7.4,11.5,7.1
28161,MS,8.5,10.1,6.2
28163,MS,8.7,11.2,7.3
29000,MO,6.1,6.9,4.6
29001,MO,5.3,7.0,5.7
29003,MO,4.8,5.3,3.7
29005,MO,4.8,6.4,4.6
29007,MO,6.2,6.5,4.3
29009,MO,5.5,7.1,4.5
29011,MO,9.3,7.4,5.2
29013,MO,7.2,8.2,5.3
29015,MO,6.9,9.1,6.1
29017,MO,6.7,7.0,5.2
29019,MO,4.4,4.5,3.3
29021,MO,5.2,6.3,4.1
29023,MO,6.2,8.2,5.7
29025,MO,6.7,7.0,4.7
29027,MO,5.4,6.2,4.1
29029,MO,6.3,9.6,5.8
29031,MO,5.2,5.5,4.3
29033,MO,7.1,8.3,5.4
29035,MO,7.2,9.5,7.1
29037,MO,6.0,6.7,4.2
29039,MO,6.5,7.4,5.0
29041,MO,6.2,6.5,4.4
29043,MO,5.0,5.8,3.9
29045,MO,6.1,8.1,7.3
29047,MO,5.2,6.1,3.9
29049,MO,5.9,7.0,4.2
29051,MO,4.5,5.2,3.6
29053,MO,5.7,7.2,4.9
29055,MO,8.1,8.8,5.3
29057,MO,6.3,7.5,4.5
29059,MO,7.6,9.1,5.5
29061,MO,5.4,6.9,3.9
29063,MO,6.3,5.9,4.4
29065,MO,7.7,8.2,5.4
29067,MO,6.8,9.8,6.1
29069,MO,7.9,10.4,8.2
29071,MO,7.5,7.9,4.4
29073,MO,7.6,7.1,4.3
29075,MO,4.5,5.3,3.7
29077,MO,5.1,5.9,3.8
29079,MO,5.6,6.4,4.6
29081,MO,4.9,7.3,4.2
29083,MO,6.7,7.8,5.0
29085,MO,9.7,12.0,5.6
29087,MO,5.0,5.2,3.2
29089,MO,6.0,6.8,4.4
29091,MO,5.7,8.1,6.3
29093,MO,5.7,11.4,7.2
29095,MO,6.9,7.8,5.1
29097,MO,5.2,5.9,4.2
29099,MO,6.9,7.2,4.3
29101,MO,5.3,7.7,4.9
29103,MO,4.7,5.6,3.6
29105,MO,7.6,9.2,5.5
29107,MO,6.1,7.1,4.3
29109,MO,4.8,6.5,4.4
29111,MO,4.8,5.5,4.5
29113,MO,7.8,8.3,4.5
29115,MO,7.0,9.2,6.7
29117,MO,5.2,6.2,3.9
29119,MO,4.9,6.7,4.3
29121,MO,6.0,6.7,4.8
29123,MO,6.1,8.3,5.5
29125,MO,6.3,7.2,5.0
29127,MO,5.6,6.1,4.3
29129,MO,4.8,5.2,4.6
29131,MO,6.7,9.0,5.2
29133,MO,7.3,7.9,6.6
29135,MO,5.5,6.6,4.3
29137,MO,7.0,7.7,4.8
29139,MO,7.2,7.9,4.6
29141,MO,7.5,9.9,5.9
29143,MO,7.1,8.1,9.3
29145,MO,5.5,6.2,4.4
29147,MO,4.2,5.6,4.7
29149,MO,5.9,7.9,6.0
29151,MO,6.2,5.0,3.4
29153,MO,6.1,10.2,7.3
29155,MO,7.4,9.6,8.9
29157,MO,4.6,5.1,3.6
29159,MO,6.2,7.1,4.9
29161,MO,5.9,7.1,4.8
29163,MO,5.7,6.8,4.5
29165,MO,4.8,5.5,3.6
29167,MO,6.1,7.7,4.9
29169,MO,5.7,8.1,5.4
29171,MO,5.4,5.9,4.6
29173,MO,5.3,6.4,4.0
29175,MO,6.1,8.7,5.3
29177,MO,6.4,8.2,4.9
29179,MO,7.3,10.9,6.5
29181,MO,6.7,10.5,7.1
29183,MO,5.5,5.6,3.5
29185,MO,7.1,7.9,6.3
29186,MO,5.9,7.3,4.7
29187,MO,7.1,8.9,5.5
29189,MO,6.0,6.5,4.2
29195,MO,5.7,6.6,4.7
29197,MO,6.4,7.4,6.3
29199,MO,6.6,5.0,4.1
29201,MO,6.6,7.0,5.7
29203,MO,7.9,11.0,7.4
29205,MO,5.3,6.0,4.2
29207,MO,7.5,8.7,6.4
29209,MO,7.8,11.1,7.0
29211,MO,5.8,6.8,5.8
29213,MO,7.7,11.3,7.4
29215,MO,6.9,8.2,6.3
29217,MO,5.6,5.9,4.9
29219,MO,7.5,7.5,4.2
29221,MO,10.2,10.6,6.3
29223,MO,6.8,9.0,5.3
29225,MO,5.7,7.1,4.9
29227,MO,5.5,4.2,3.0
29229,MO,7.2,8.4,5.9
29510,MO,7.8,8.5,5.5
30000,MT,5.1,6.0,4.1
30001,MT,4.1,5.4,3.3
30003,MT,8.3,12.1,7.2
30005,MT,4.5,6.4,4.6
30007,MT,5.6,7.5,4.9
30009,MT,4.3,4.7,3.9
30011,MT,3.3,3.2,2.7
30013,MT,4.7,5.6,4.0
30015,MT,3.6,3.9,3.7
30017,MT,4.2,3.6,3.5
30019,MT,3.7,3.2,2.6
30021,MT,3.7,3.3,3.8
30023,MT,6.7,5.6,3.8
30025,MT,2.6,2.1,3.6
30027,MT,4.8,5.4,3.9
30029,MT,6.7,9.0,5.6
30031,MT,4.2,5.1,2.8
30033,MT,3.5,3.1,2.9
30035,MT,9.2,9.9,8.5
30037,MT,5.0,4.6,4.5
30039,MT,6.7,8.1,5.9
30041,MT,5.1,5.8,4.3
30043,MT,4.6,5.5,4.6
30045,MT,4.4,5.2,3.4
30047,MT,7.5,7.7,4.7
30049,MT,4.2,4.9,3.3
30051,MT,4.2,4.2,3.1
30053,MT,10.8,12.5,9.0
30055,MT,2.8,2.9,1.9
30057,MT,4.2,6.2,3.8
30059,MT,7.0,5.5,4.0
30061,MT,7.2,10.9,7.6
30063,MT,5.0,5.9,3.7
30065,MT,5.9,5.4,5.1
30067,MT,5.3,7.0,4.3
30069,MT,5.6,4.3,4.7
30071,MT,5.1,6.0,5.3
30073,MT,5.5,4.9,4.2
30075,MT,3.6,3.7,2.3
30077,MT,7.7,6.5,5.0
30079,MT,4.2,4.3,3.4
30081,MT,6.6,7.6,4.8
30083,MT,3.2,2.8,5.0
30085,MT,7.4,6.6,5.3
30087,MT,6.3,6.8,5.5
30089,MT,10.4,11.5,7.7
30091,MT,3.2,3.0,3.3
30093,MT,4.9,6.1,4.3
30095,MT,4.4,4.5,4.0
30097,MT,2.7,3.9,3.1
30099,MT,4.2,4.9,3.6
30101,MT,3.3,4.2,3.5
30103,MT,4.2,5.0,4.2
30105,MT,4.3,4.2,3.4
30107,MT,4.1,6.3,5.0
30109,MT,3.6,3.2,3.9
30111,MT,3.8,4.6,3.6
31000,NE,3.3,4.0,3.1
31001,NE,3.1,3.8,3.1
31003,NE,3.0,3.3,2.6
31005,NE,3.7,6.5,5.7
31007,NE,2.5,4.6,3.4
31009,NE,4.9,5.3,4.2
31011,NE,2.6,3.1,2.6
31013,NE,3.7,4.0,3.6
31015,NE,3.2,3.9,3.0
31017,NE,2.7,4.1,3.6
31019,NE,2.5,3.3,2.5
31021,NE,4.2,4.7,3.7
31023,NE,2.9,3.3,3.2
31025,NE,3.7,4.6,3.4
31027,NE,2.5,2.9,2.5
31029,NE,2.7,2.4,2.1
31031,NE,2.4,2.9,2.2
31033,NE,2.8,2.8,2.8
31035,NE,3.2,3.7,3.1
31037,NE,2.6,3.5,2.8
31039,NE,2.9,3.1,2.9
31041,NE,2.4,2.9,2.3
31043,NE,4.2,5.8,4.1
31045,NE,2.9,3.6,3.0
31047,NE,4.0,4.4,3.0
31049,NE,2.9,3.3,2.5
31051,NE,3.2,4.1,3.3
31053,NE,3.5,4.5,3.1
31055,NE,3.7,4.5,3.3
31057,NE,2.9,3.0,2.2
31059,NE,3.0,3.3,2.8
31061,NE,3.0,3.6,3.0
31063,NE,2.8,3.2,2.8
31065,NE,2.9,3.5,2.8
31067,NE,4.7,5.0,3.3
31069,NE,3.0,3.2,3.3
31071,NE,2.6,3.0,2.5
31073,NE,3.2,3.0,2.6
31075,NE,2.9,3.4,2.2
31077,NE,2.9,3.6,3.1
31079,NE,3.1,4.0,3.7
31081,NE,2.4,3.3,2.8
31083,NE,3.1,3.2,2.5
31085,NE,3.8,3.0,2.4
31087,NE,3.4,4.1,3.6
31089,NE,2.7,3.2,2.5
31091,NE,4.3,4.6,3.6
31093,NE,3.1,3.6,3.3
31095,NE,3.9,3.8,2.4
31097,NE,3.2,4.3,3.2
31099,NE,2.7,2.9,2.4
31101,NE,2.9,3.7,2.9
31103,NE,4.8,3.1,2.1
31105,NE,3.4,3.3,4.1
31107,NE,3.2,3.4,3.1
31109,NE,3.1,3.6,2.8
31111,NE,3.0,3.9,3.1
31113,NE,2.2,3.2,2.9
31115,NE,3.8,3.8,3.5
31117,NE,2.3,3.6,2.4
31119,NE,3.3,3.7,2.7
31121,NE,3.1,3.7,3.6
31123,NE,3.1,3.2,3.2
31125,NE,3.0,3.3,2.8
31127,NE,4.6,4.8,3.6
31129,NE,2.9,3.5,2.9
31131,NE,3.5,4.5,3.4
31133,NE,3.4,3.3,2.2
31135,NE,2.4,2.7,2.1
31137,NE,2.4,3.0,2.5
31139,NE,3.0,3.3,2.6
31141,NE,3.0,3.7,3.5
31143,NE,2.8,3.1,2.6
31145,NE,2.9,3.3,2.8
31147,NE,4.4,5.1,3.2
31149,NE,2.8,2.5,2.6
31151,NE,3.4,4.3,3.1
31153,NE,3.2,3.9,2.9
31155,NE,3.6,4.2,3.1
31157,NE,3.7,4.7,3.5
31159,NE,3.2,3.5,2.9
31161,NE,2.7,3.6,2.9
31163,NE,2.7,3.8,3.2
31165,NE,3.4,3.6,2.7
31167,NE,2.8,3.5,2.6
31169,NE,3.2,3.1,2.4
31171,NE,4.0,4.0,3.3
31173,NE,6.7,8.7,4.8
31175,NE,2.8,3.5,2.8
31177,NE,3.1,3.8,3.2
31179,NE,2.9,3.2,2.7
31181,NE,3.4,3.7,3.2
31183,NE,2.3,3.4,2.1
31185,NE,3.7,3.7,2.7
32000,NV,6.7,11.2,5.7
32001,NV,6.0,11.0,5.5
32003,NV,6.6,11.3,5.8
32005,NV,7.4,11.5,5.6
32007,NV,4.3,6.4,4.5
32009,NV,4.9,6.9,4.7
32011,NV,5.2,6.1,4.6
32013,NV,4.9,6.6,5.5
32015,NV,4.4,7.4,6.2
32017,NV,5.6,10.4,5.3
32019,NV,9.8,14.7,7.5
32021,NV,7.5,13.6,6.4
32023,NV,9.7,14.4,7.3
32027,NV,7.0,9.7,5.9
32029,NV,6.9,13.3,6.3
32031,NV,6.8,11.0,5.0
32033,NV,4.7,7.6,4.6
32510,NV,7.1,11.7,6.1
33000,NH,3.9,5.5,2.9
33001,NH,4.1,5.4,2.8
33003,NH,3.6,5.3,2.9
33005,NH,3.7,5.1,2.7
33007,NH,5.2,7.4,3.8
33009,NH,3.1,4.4,2.4
33011,NH,3.9,5.8,3.0
33013,NH,3.6,4.9,2.6
33015,NH,4.2,5.8,3.0
33017,NH,3.6,5.4,2.5
33019,NH,3.4,4.5,2.3
34000,NJ,5.3,9.3,5.0
34001,NJ,6.8,12.7,7.4
34003,NJ,4.4,7.7,4.2
34005,NJ,4.9,8.7,4.5
34007,NJ,5.9,10.7,5.5
34009,NJ,7.9,15.4,9.8
34011,NJ,7.9,13.1,7.5
34013,NJ,6.4,10.7,6.0
34015,NJ,5.3,10.1,5.1
34017,NJ,6.2,8.9,4.7
34019,NJ,3.7,6.8,3.8
34021,NJ,4.7,8.3,4.3
34023,NJ,4.9,8.6,4.4
34025,NJ,4.8,8.7,4.5
34027,NJ,3.9,7.1,3.9
34029,NJ,5.8,10.6,5.2
34031,NJ,6.6,11.1,6.2
34033,NJ,6.1,11.8,6.4
34035,NJ,4.0,7.4,4.1
34037,NJ,4.9,9.0,4.7
34039,NJ,5.6,9.5,5.2
34041,NJ,4.9,8.7,4.6
35000,NM,4.5,7.1,6.6
35001,NM,4.4,6.8,5.7
35003,NM,5.3,9.5,8.0
35005,NM,4.3,6.5,6.6
35006,NM,4.6,8.6,8.1
35007,NM,4.4,7.8,5.9
35009,NM,3.2,5.0,5.0
35011,NM,4.1,4.3,4.7
35013,NM,4.7,7.3,7.1
35015,NM,3.0,4.7,6.4
35017,NM,5.0,6.7,6.4
35019,NM,6.1,10.0,6.4
35021,NM,3.0,6.5,6.9
35023,NM,4.3,7.4,5.4
35025,NM,2.9,4.7,9.1
35027,NM,3.5,6.5,5.9
35028,NM,3.0,3.9,4.2
35029,NM,12.1,20.0,14.4
35031,NM,5.5,9.6,9.3
35033,NM,8.6,11.0,8.6
35035,NM,4.4,6.5,6.0
35037,NM,4.9,8.1,6.7
35039,NM,5.5,9.3,7.4
35041,NM,3.1,5.6,5.6
35043,NM,5.2,7.8,6.5
35045,NM,3.9,7.1,8.7
35047,NM,4.9,8.9,7.6
35049,NM,3.8,5.8,5.2
35051,NM,4.1,9.8,8.3
35053,NM,3.6,7.0,7.2
35055,NM,5.5,10.5,8.3
35057,NM,5.6,10.6,9.0
35059,NM,2.9,4.4,4.0
35061,NM,5.1,8.7,7.1
36000,NY,5.4,8.5,4.9
36001,NY,4.9,7.1,4.1
36003,NY,6.4,8.4,6.3
36005,NY,7.6,12.4,7.1
36007,NY,5.6,8.7,5.4
36009,NY,6.1,9.3,6.0
36011,NY,5.5,8.3,5.1
36013,NY,5.5,8.5,5.8
36015,NY,5.6,8.4,5.7
36017,NY,6.4,8.6,5.1
36019,NY,6.5,9.4,5.4
36021,NY,4.8,7.0,3.7
36023,NY,6.4,8.6,5.7
36025,NY,6.0,8.7,5.5
36027,NY,5.1,7.8,4.2
36029,NY,5.7,8.3,4.9
36031,NY,6.7,9.6,5.3
36033,NY,6.9,9.6,5.7
36035,NY,6.7,11.0,5.7
36037,NY,5.6,7.9,4.6
36039,NY,5.9,9.9,5.0
36041,NY,6.2,10.7,6.5
36043,NY,6.1,8.8,5.5
36045,NY,6.8,9.9,6.2
36047,NY,6.0,9.8,5.3
36049,NY,6.7,10.0,6.7
36051,NY,5.9,7.8,4.9
36053,NY,5.7,8.5,5.3
36055,NY,5.5,7.9,4.7
36057,NY,7.1,10.4,5.7
36059,NY,4.7,7.0,3.9
36061,NY,4.9,8.0,4.6
36063,NY,6.7,9.3,5.8
36065,NY,5.4,8.2,4.8
36067,NY,5.2,7.9,4.5
36069,NY,5.2,7.3,4.3
36071,NY,5.4,7.9,4.3
36073,NY,6.9,9.7,5.7
36075,NY,7.0,11.0,6.5
36077,NY,5.7,7.9,4.9
36079,NY,4.4,7.2,4.0
36081,NY,5.0,8.3,4.5
36083,NY,5.2,7.7,4.3
36085,NY,5.1,9.5,5.2
36087,NY,4.8,7.3,4.2
36089,NY,7.1,10.2,6.6
36091,NY,4.6,6.8,3.8
36093,NY,5.1,7.7,4.3
36095,NY,6.9,9.2,5.4
36097,NY,5.8,9.4,6.0
36099,NY,5.5,8.0,4.8
36101,NY,6.1,9.3,5.8
36103,NY,5.0,7.8,4.4
36105,NY,6.5,9.1,4.8
36107,NY,5.3,7.9,5.1
36109,NY,4.1,6.1,4.2
36111,NY,5.5,8.3,4.4
36113,NY,5.6,9.2,5.3
36115,NY,5.3,8.3,4.6
36117,NY,5.9,8.6,5.0
36119,NY,4.8,7.3,4.3
36121,NY,6.2,8.9,5.3
36123,NY,4.9,7.8,4.4
37000,NC,6.1,9.3,5.1
37001,NC,6.4,8.5,4.7
37003,NC,7.0,9.6,4.2
37005,NC,7.4,10.4,5.5
37007,NC,8.8,10.9,5.8
37009,NC,6.7,10.4,4.8
37011,NC,5.7,10.6,5.0
37013,NC,7.1,10.6,5.7
37015,NC,7.6,11.4,6.6
37017,NC,7.7,12.7,6.9
37019,NC,6.3,11.2,6.4
37021,NC,4.7,7.2,3.9
37023,NC,8.1,9.8,4.9
37025,NC,5.7,9.0,4.6
37027,NC,7.7,11.6,5.2
37029,NC,5.4,7.9,5.2
37031,NC,5.3,8.9,5.2
37033,NC,8.0,10.6,5.4
37035,NC,7.1,10.1,4.7
37037,NC,4.9,7.8,4.2
37039,NC,9.1,11.0,5.7
37041,NC,8.6,10.9,6.4
37043,NC,6.4,10.4,5.5
37045,NC,8.2,11.0,5.5
37047,NC,7.7,12.3,6.4
37049,NC,5.9,9.5,5.2
37051,NC,6.1,10.5,6.4
37053,NC,4.3,8.5,5.1
37055,NC,6.3,12.4,6.7
37057,NC,7.1,9.7,4.8
37059,NC,6.0,9.1,4.5
37061,NC,5.8,9.1,5.3
37063,NC,4.7,7.4,4.5
37065,NC,10.1,14.3,8.7
37067,NC,5.6,8.9,4.9
37069,NC,6.2,9.7,5.2
37071,NC,7.5,10.5,5.3
37073,NC,5.3,7.7,5.1
37075,NC,10.6,17.7,8.8
37077,NC,6.7,8.0,4.3
37079,NC,6.5,8.6,5.3
37081,NC,6.0,9.5,5.2
37083,NC,8.9,13.5,7.9
37085,NC,6.6,10.6,5.8
37087,NC,5.6,9.1,4.5
37089,NC,4.7,7.5,4.3
37091,NC,6.6,10.8,6.6
37093,NC,5.7,10.7,6.6
37095,NC,6.9,13.4,9.5
37097,NC,6.4,9.9,4.8
37099,NC,5.0,10.6,5.4
37101,NC,5.7,8.4,4.7
37103,NC,6.4,9.9,5.3
37105,NC,7.5,11.4,5.9
37107,NC,7.2,9.8,5.9
37109,NC,7.2,9.6,4.7
37111,NC,8.1,10.8,4.8
37113,NC,5.9,10.6,5.4
37115,NC,5.6,9.8,4.9
37117,NC,6.4,12.0,6.7
37119,NC,5.9,8.7,4.7
37121,NC,8.0,12.2,6.1
37123,NC,8.1,10.6,5.2
37125,NC,6.1,8.8,5.0
37127,NC,7.4,11.5,6.6
37129,NC,5.1,8.6,4.7
37131,NC,7.7,11.5,7.3
37133,NC,5.6,8.0,5.5
37135,NC,4.0,6.1,4.2
37137,NC,5.9,9.0,5.3
37139,NC,6.8,10.0,6.3
37141,NC,6.0,10.4,5.3
37143,NC,6.7,10.4,6.4
37145,NC,7.2,11.0,5.5
37147,NC,6.4,9.1,5.6
37149,NC,4.8,8.5,4.6
37151,NC,6.3,9.9,4.9
37153,NC,9.2,13.4,6.9
37155,NC,7.9,13.2,7.9
37157,NC,7.4,11.3,5.6
37159,NC,6.8,10.9,5.6
37161,NC,8.0,13.2,6.7
37163,NC,5.3,9.3,5.5
37165,NC,10.9,17.2,9.1
37167,NC,6.5,9.9,4.6
37169,NC,5.8,9.3,4.8
37171,NC,7.7,9.6,4.8
37173,NC,7.8,14.7,6.1
37175,NC,5.1,8.7,4.9
37177,NC,7.0,13.6,8.4
37179,NC,5.5,7.9,4.4
37181,NC,8.8,13.5,7.1
37183,NC,4.6,7.1,4.3
37185,NC,8.4,12.4,7.3
37187,NC,7.6,15.3,7.4
37189,NC,4.7,7.4,4.5
37191,NC,5.7,8.5,5.8
37193,NC,7.5,10.4,4.8
37195,NC,7.7,13.0,8.1
37197,NC,5.6,9.2,4.4
37199,NC,7.6,10.7,5.1
38000,ND,3.2,3.1,3.1
38001,ND,2.4,2.9,2.6
38003,ND,2.9,3.4,3.2
38005,ND,6.4,7.0,4.0
38007,ND,2.1,3.4,3.0
38009,ND,3.2,3.4,4.6
38011,ND,2.1,1.8,2.1
38013,ND,2.4,2.0,4.5
38015,ND,2.8,2.8,2.6
38017,ND,2.7,2.9,2.2
38019,ND,3.1,3.2,2.6
38021,ND,3.0,2.7,1.9
38023,ND,3.2,1.5,2.6
38025,ND,3.2,1.6,3.1
38027,ND,5.6,5.1,4.3
38029,ND,4.9,5.4,4.4
38031,ND,3.0,3.1,3.0
38033,ND,2.8,2.4,2.7
38035,ND,3.0,3.4,2.4
38037,ND,4.1,3.2,3.0
38039,ND,2.4,2.7,2.8
38041,ND,3.5,2.7,3.0
38043,ND,4.1,5.1,3.8
38045,ND,3.3,2.5,2.4
38047,ND,3.6,3.1,3.5
38049,ND,5.1,4.3,4.9
38051,ND,2.9,3.2,3.1
38053,ND,2.4,1.5,3.8
38055,ND,4.5,4.4,3.5
38057,ND,4.6,5.3,4.4
38059,ND,3.5,3.6,3.3
38061,ND,4.2,1.6,3.0
38063,ND,3.3,4.1,3.4
38065,ND,4.5,6.7,5.5
38067,ND,5.2,6.4,5.0
38069,ND,4.3,4.3,4.0
38071,ND,3.8,4.1,2.8
38073,ND,3.6,3.0,2.3
38075,ND,2.6,2.3,3.8
38077,ND,3.9,3.6,2.7
38079,ND,9.5,10.5,10.8
38081,ND,4.6,2.7,1.9
38083,ND,4.2,3.7,5.7
38085,ND,5.3,5.2,4.4
38087,ND,1.3,2.1,2.5
38089,ND,2.4,1.8,3.9
38091,ND,2.1,2.7,2.1
38093,ND,2.9,3.4,2.5
38095,ND,3.2,3.3,2.3
38097,ND,3.3,3.2,2.8
38099,ND,4.3,4.9,3.8
38101,ND,3.0,2.7,4.1
38103,ND,4.4,4.0,3.9
38105,ND,1.7,1.1,4.4
39000,OH,6.4,7.4,5.0
39001,OH,9.3,12.6,7.6
39003,OH,7.4,7.7,5.0
39005,OH,7.5,8.0,5.1
39007,OH,8.0,9.4,6.1
39009,OH,6.7,8.5,6.4
39011,OH,5.4,6.2,3.8
39013,OH,6.1,8.2,7.5
39015,OH,7.6,10.0,5.8
39017,OH,5.9,7.7,4.5
39019,OH,7.6,7.9,6.9
39021,OH,7.0,7.4,4.5
39023,OH,6.7,7.8,5.3
39025,OH,5.9,7.4,4.5
39027,OH,6.0,10.7,5.9
39029,OH,7.2,8.2,6.7
39031,OH,8.6,10.1,7.1
39033,OH,8.7,9.1,6.1
39035,OH,6.2,6.8,5.4
39037,OH,6.4,7.2,4.1
39039,OH,7.5,7.7,5.0
39041,OH,4.6,5.2,3.6
39043,OH,7.3,8.0,5.5
39045,OH,5.7,6.6,4.3
39047,OH,5.7,8.3,4.5
39049,OH,5.5,6.4,4.1
39051,OH,8.2,7.7,4.7
39053,OH,6.6,9.7,6.9
39055,OH,5.0,5.3,4.4
39057,OH,6.2,6.9,4.4
39059,OH,8.6,9.0,7.1
39061,OH,5.7,7.4,4.5
39063,OH,5.9,6.4,3.7
39065,OH,7.2,7.5,5.0
39067,OH,7.2,8.5,7.7
39069,OH,8.0,8.7,5.4
39071,OH,7.4,10.4,6.4
39073,OH,7.6,8.3,5.6
39075,OH,4.9,5.1,3.6
39077,OH,9.8,9.9,6.5
39079,OH,8.5,10.3,7.9
39081,OH,7.0,10.9,8.4
39083,OH,6.4,7.0,4.7
39085,OH,5.3,5.9,4.8
39087,OH,5.5,8.5,6.5
39089,OH,6.2,6.8,4.4
39091,OH,6.0,7.1,4.2
39093,OH,6.4,7.1,5.9
39095,OH,8.2,8.3,5.2
39097,OH,6.2,6.4,4.0
39099,OH,7.1,8.3,6.4
39101,OH,7.0,7.9,5.1
39103,OH,5.3,5.5,4.3
39105,OH,10.0,11.6,8.6
39107,OH,4.9,5.1,3.3
39109,OH,6.4,7.3,4.4
39111,OH,8.5,8.4,11.2
39113,OH,7.5,8.2,5.0
39115,OH,10.2,9.9,8.3
39117,OH,7.1,8.1,5.1
39119,OH,8.7,9.2,6.1
39121,OH,8.6,11.0,8.8
39123,OH,8.8,9.5,6.5
39125,OH,7.1,7.7,4.6
39127,OH,8.5,9.8,6.4
39129,OH,7.1,7.4,4.9
39131,OH,10.2,13.0,7.6
39133,OH,6.3,7.3,5.1
39135,OH,6.9,7.7,4.8
39137,OH,5.8,5.8,3.7
39139,OH,7.4,8.7,5.6
39141,OH,7.9,8.4,5.5
39143,OH,7.2,7.5,4.7
39145,OH,8.3,11.3,7.8
39147,OH,7.1,8.0,4.9
39149,OH,6.2,7.3,4.2
39151,OH,6.8,7.5,5.5
39153,OH,6.1,7.5,5.1
39155,OH,7.5,9.0,6.8
39157,OH,6.3,7.4,5.8
39159,OH,5.2,5.7,3.8
39161,OH,8.5,7.5,4.1
39163,OH,9.2,10.8,7.1
39165,OH,5.5,6.5,4.2
39167,OH,5.5,8.7,7.0
39169,OH,5.7,6.1,4.0
39171,OH,7.7,7.9,4.5
39173,OH,6.8,6.9,4.2
39175,OH,7.9,6.8,3.7
40000,OK,3.7,5.2,4.8
40001,OK,4.9,9.1,5.8
40003,OK,3.1,2.8,3.3
40005,OK,4.6,6.8,6.6
40007,OK,2.1,3.0,3.1
40009,OK,2.3,3.0,7.2
40011,OK,3.6,3.9,3.7
40013,OK,3.5,5.4,4.3
40015,OK,4.1,6.0,5.3
40017,OK,3.4,3.9,4.0
40019,OK,3.2,5.5,5.2
40021,OK,3.8,7.0,5.5
40023,OK,5.1,8.5,7.6
40025,OK,3.0,3.3,2.5
40027,OK,3.4,4.1,3.8
40029,OK,4.9,7.1,7.3
40031,OK,3.8,5.9,4.6
40033,OK,2.8,5.6,4.8
40035,OK,3.8,5.6,4.8
40037,OK,4.3,6.0,5.8
40039,OK,2.7,3.6,4.5
40041,OK,4.2,6.6,4.9
40043,OK,2.4,3.2,4.0
40045,OK,2.2,2.8,3.8
40047,OK,2.6,4.1,4.4
40049,OK,3.0,5.0,5.3
40051,OK,4.0,4.8,5.0
40053,OK,2.5,3.4,3.2
40055,OK,4.4,5.3,7.4
40057,OK,3.4,4.7,3.8
40059,OK,2.3,3.2,3.8
40061,OK,3.7,8.9,8.3
40063,OK,5.4,8.0,7.2
40065,OK,3.2,5.1,4.4
40067,OK,4.3,4.9,7.1
40069,OK,4.3,7.8,5.8
40071,OK,3.5,7.1,6.3
40073,OK,2.3,3.3,3.3
40075,OK,3.8,4.7,5.3
40077,OK,4.3,8.5,8.6
40079,OK,5.2,8.6,6.9
40081,OK,4.0,5.0,5.3
40083,OK,3.6,4.4,4.0
40085,OK,2.9,4.2,3.1
40087,OK,3.6,4.2,4.1
40089,OK,6.6,9.5,7.1
40091,OK,4.8,10.2,8.9
40093,OK,2.4,3.5,4.1
40095,OK,4.0,5.8,5.0
40097,OK,4.2,6.1,5.1
40099,OK,2.7,4.6,4.5
40101,OK,4.7,6.7,5.4
40103,OK,3.3,4.4,3.5
40105,OK,4.3,6.8,6.1
40107,OK,4.2,7.6,6.1
40109,OK,3.9,4.8,4.3
40111,OK,5.3,7.9,7.2
40113,OK,4.2,5.8,5.7
40115,OK,4.2,7.9,5.0
40117,OK,4.5,6.6,6.6
40119,OK,3.9,4.7,3.7
40121,OK,3.2,7.0,6.1
40123,OK,3.2,5.1,4.1
40125,OK,3.9,5.3,4.6
40127,OK,4.8,7.2,7.3
40129,OK,2.3,2.8,5.1
40131,OK,3.5,5.0,5.0
40133,OK,4.5,7.8,6.9
40135,OK,5.9,8.3,6.2
40137,OK,3.5,4.9,9.5
40139,OK,2.7,4.2,3.4
40141,OK,4.1,4.8,4.4
40143,OK,3.6,5.2,4.7
40145,OK,3.6,5.2,4.8
40147,OK,3.0,4.8,4.9
40149,OK,2.7,4.0,6.9
40151,OK,2.8,2.8,3.2
40153,OK,2.2,3.5,6.2
41000,OR,6.5,8.8,4.8
41001,OR,7.1,10.6,6.3
41003,OR,4.7,6.0,3.9
41005,OR,5.7,8.0,4.4
41007,OR,5.3,8.7,4.7
41009,OR,7.1,10.7,6.1
41011,OR,8.3,11.1,6.4
41013,OR,9.9,13.6,6.9
41015,OR,8.1,11.8,6.8
41017,OR,8.2,11.3,4.9
41019,OR,9.9,11.9,6.3
41021,OR,4.3,10.1,5.9
41023,OR,10.6,14.0,7.7
41025,OR,9.5,11.8,6.3
41027,OR,5.4,7.3,4.1
41029,OR,7.9,11.1,5.7
41031,OR,10.1,11.8,6.6
41033,OR,9.2,12.2,6.5
41035,OR,9.2,11.7,6.8
41037,OR,8.6,13.0,6.4
41039,OR,6.7,8.9,5.1
41041,OR,6.6,9.9,5.6
41043,OR,7.8,10.7,5.7
41045,OR,7.5,9.4,5.5
41047,OR,6.6,10.0,5.1
41049,OR,6.4,8.1,4.9
41051,OR,5.9,7.6,4.2
41053,OR,5.6,8.9,5.0
41055,OR,5.9,10.7,4.6
41057,OR,5.5,9.7,4.9
41059,OR,6.6,9.1,5.3
41061,OR,8.1,9.4,5.9
41063,OR,7.6,11.5,6.8
41065,OR,6.1,8.4,4.8
41067,OR,5.3,7.1,4.1
41069,OR,6.0,6.9,4.2
41071,OR,6.5,8.5,4.6
42000,PA,5.3,7.8,5.4
42001,PA,4.3,6.4,4.0
42003,PA,4.8,7.0,5.2
42005,PA,5.9,8.0,7.5
42007,PA,5.5,7.5,6.2
42009,PA,6.8,8.6,5.8
42011,PA,5.3,7.7,5.0
42013,PA,5.2,7.4,5.3
42015,PA,5.3,6.9,6.5
42017,PA,4.7,7.2,4.6
42019,PA,4.6,6.4,5.0
42021,PA,6.1,8.8,6.8
42023,PA,9.0,10.3,7.4
42025,PA,6.7,10.0,6.0
42027,PA,4.3,5.5,4.2
42029,PA,3.9,5.6,3.9
42031,PA,6.2,9.0,6.1
42033,PA,6.7,9.4,7.3
42035,PA,6.2,8.8,7.1
42037,PA,5.9,8.3,5.5
42039,PA,5.6,7.6,6.0
42041,PA,4.2,6.2,4.1
42043,PA,4.7,7.4,4.8
42045,PA,5.0,7.7,4.9
42047,PA,6.0,7.0,5.5
42049,PA,5.6,7.8,6.5
42051,PA,6.5,9.9,8.1
42053,PA,7.7,9.8,7.8
42055,PA,4.3,7.0,5.1
42057,PA,7.2,9.2,6.3
42059,PA,5.8,7.3,7.7
42061,PA,6.6,9.9,7.0
42063,PA,5.3,8.1,7.3
42065,PA,5.5,8.3,6.8
42067,PA,5.3,7.3,5.3
42069,PA,5.8,8.8,5.6
42071,PA,4.3,6.5,4.1
42073,PA,6.2,7.9,6.7
42075,PA,4.2,6.7,4.5
42077,PA,5.6,8.5,5.3
42079,PA,6.2,9.8,6.3
42081,PA,5.9,7.9,6.6
42083,PA,6.1,8.4,6.6
42085,PA,6.7,7.6,6.0
42087,PA,6.6,8.7,5.7
42089,PA,6.0,9.8,6.2
42091,PA,4.3,6.4,4.1
42093,PA,4.8,5.8,4.3
42095,PA,5.5,8.1,5.2
42097,PA,6.5,9.1,6.2
42099,PA,5.2,7.3,4.6
42101,PA,7.1,10.9,6.7
42103,PA,6.0,10.1,6.4
42105,PA,7.1,9.1,7.8
42107,PA,6.2,9.7,6.2
42109,PA,6.1,7.6,4.7
42111,PA,6.3,8.9,7.2
42113,PA,5.7,7.8,7.2
42115,PA,5.7,7.6,5.7
42117,PA,6.1,7.6,7.1
42119,PA,6.3,6.4,4.8
42121,PA,5.7,7.7,7.2
42123,PA,5.2,6.8,5.5
42125,PA,5.2,7.2,6.1
42127,PA,5.2,8.0,5.7
42129,PA,5.3,7.4,5.8
42131,PA,6.0,8.9,6.2
42133,PA,4.7,7.4,4.6
44000,RI,7.8,10.4,5.2
44001,RI,6.8,9.0,4.6
44003,RI,7.4,9.9,4.7
44005,RI,6.8,9.3,4.7
44007,RI,8.4,10.9,5.5
44009,RI,6.6,9.7,4.7
45000,SC,6.8,9.2,5.0
45001,SC,8.1,10.6,5.5
45003,SC,5.9,8.6,5.0
45005,SC,16.5,16.9,8.6
45007,SC,6.8,8.9,4.6
45009,SC,11.3,15.9,9.1
45011,SC,10.9,13.9,7.4
45013,SC,5.3,7.6,4.8
45015,SC,6.1,8.4,4.6
45017,SC,7.6,11.2,6.2
45019,SC,5.3,7.2,4.1
45021,SC,9.1,12.8,6.0
45023,SC,11.8,14.8,7.2
45025,SC,9.0,11.4,5.0
45027,SC,9.8,12.8,6.7
45029,SC,8.2,12.1,5.6
45031,SC,8.5,11.1,6.3
45033,SC,10.3,14.1,6.8
45035,SC,5.7,7.8,4.6
45037,SC,6.7,9.4,5.7
45039,SC,10.6,13.0,7.2
45041,SC,7.0,9.7,5.3
45043,SC,7.4,12.0,6.8
45045,SC,5.5,7.4,4.3
45047,SC,7.6,10.1,5.2
45049,SC,9.0,11.2,5.9
45051,SC,7.1,10.4,5.9
45053,SC,6.0,8.5,4.4
45055,SC,6.6,9.5,5.2
45057,SC,11.5,11.3,5.3
45059,SC,7.4,10.3,5.2
45061,SC,9.3,14.1,7.1
45063,SC,4.9,7.0,4.1
45065,SC,10.8,11.8,5.6
45067,SC,13.7,15.9,8.8
45069,SC,12.5,17.6,8.4
45071,SC,7.0,8.8,4.5
45073,SC,7.3,8.8,5.2
45075,SC,10.1,14.3,8.9
45077,SC,6.0,9.0,5.0
45079,SC,6.1,8.2,4.8
45081,SC,6.0,8.5,4.6
45083,SC,6.8,9.4,4.7
45085,SC,8.3,10.7,5.9
45087,SC,10.8,13.6,6.2
45089,SC,10.4,15.8,7.8
45091,SC,7.0,9.3,4.6
46000,SD,3.1,4.3,3.0
46003,SD,3.1,3.0,2.2
46005,SD,2.5,3.5,2.6
46007,SD,4.0,6.8,3.9
46009,SD,3.4,3.9,2.7
46011,SD,2.4,3.9,2.7
46013,SD,2.5,3.6,2.7
46015,SD,2.7,3.6,2.5
46017,SD,10.2,9.7,8.3
46019,SD,2.8,4.7,3.4
46021,SD,2.9,3.6,2.9
46023,SD,3.5,5.0,3.2
46025,SD,3.9,4.3,3.9
46027,SD,2.8,3.8,3.0
46029,SD,3.0,3.9,3.1
46031,SD,5.1,8.0,4.5
46033,SD,2.8,5.4,4.0
46035,SD,2.6,3.3,2.4
46037,SD,4.4,5.8,4.2
46039,SD,3.8,5.9,4.9
46041,SD,9.2,16.0,9.0
46043,SD,2.7,3.4,2.5
46045,SD,2.8,3.0,2.3
46047,SD,3.4,5.7,4.4
46049,SD,3.0,4.0,2.6
46051,SD,3.6,4.4,3.2
46053,SD,3.4,4.4,3.0
46055,SD,2.6,3.2,2.4
46057,SD,3.3,3.9,3.3
46059,SD,2.6,3.1,2.1
46061,SD,3.1,4.6,3.4
46063,SD,2.7,3.7,2.9
46065,SD,2.4,3.3,2.4
46067,SD,3.1,3.5,2.5
46069,SD,2.8,3.5,2.7
46071,SD,5.8,7.0,4.1
46073,SD,2.4,3.1,2.4
46075,SD,2.5,3.8,2.3
46077,SD,3.3,3.6,2.6
46079,SD,3.2,4.2,3.4
46081,SD,2.9,4.5,3.3
46083,SD,2.5,3.2,2.2
46085,SD,4.5,5.9,4.7
46087,SD,3.5,3.8,2.5
46089,SD,4.2,4.6,3.4
46091,SD,4.4,4.8,3.9
46093,SD,3.1,4.4,3.1
46095,SD,4.4,7.8,4.2
46097,SD,3.4,3.7,2.7
46099,SD,2.8,4.0,2.6
46101,SD,4.3,5.5,3.6
46102,SD,8.4,14.2,10.7
46103,SD,2.9,4.4,3.1
46105,SD,3.1,4.0,2.9
46107,SD,3.1,4.0,2.7
46109,SD,4.2,5.7,4.1
46111,SD,2.7,3.5,3.0
46115,SD,3.3,4.1,3.1
46117,SD,2.5,3.0,2.4
46119,SD,2.2,3.1,2.3
46121,SD,6.4,9.7,6.4
46123,SD,3.0,3.7,2.2
46125,SD,3.3,3.5,2.8
46127,SD,3.4,4.8,3.1
46129,SD,4.3,6.2,5.1
46135,SD,2.8,3.7,2.6
46137,SD,5.9,6.9,4.5
47000,TN,6.6,7.8,4.7
47001,TN,5.8,7.9,4.8
47003,TN,6.8,9.8,5.0
47005,TN,8.7,9.8,7.1
47007,TN,8.4,10.4,6.9
47009,TN,6.2,7.1,4.4
47011,TN,6.4,7.4,4.4
47013,TN,7.8,11.1,6.9
47015,TN,7.4,8.5,4.6
47017,TN,9.1,10.9,6.7
47019,TN,6.6,8.9,5.6
47021,TN,5.5,7.2,4.0
47023,TN,7.0,7.8,5.0
47025,TN,7.5,9.9,6.2
47027,TN,10.6,10.0,6.5
47029,TN,8.8,11.5,6.3
47031,TN,6.3,8.2,4.7
47033,TN,8.9,9.2,5.2
47035,TN,7.8,9.0,5.9
47037,TN,5.4,6.2,3.6
47039,TN,8.5,10.3,6.9
47041,TN,6.7,9.6,5.5
47043,TN,6.9,8.3,4.3
47045,TN,7.5,11.0,6.2
47047,TN,7.4,8.5,5.0
47049,TN,9.4,9.7,6.2
47051,TN,6.7,7.8,4.8
47053,TN,9.5,10.3,5.8
47055,TN,8.0,8.4,4.0
47057,TN,8.0,10.3,5.4
47059,TN,9.3,10.2,5.4
47061,TN,8.4,10.1,6.5
47063,TN,7.1,9.4,5.1
47065,TN,5.7,6.9,4.6
47067,TN,8.3,11.8,7.9
47069,TN,8.6,10.9,6.1
47071,TN,7.6,10.1,6.0
47073,TN,6.7,8.8,5.4
47075,TN,10.5,11.5,6.5
47077,TN,10.2,9.7,6.8
47079,TN,8.7,9.4,5.9
47081,TN,8.4,8.9,4.6
47083,TN,8.1,11.2,7.5
47085,TN,8.5,9.5,6.0
47087,TN,8.6,10.5,7.0
47089,TN,7.1,9.4,5.3
47091,TN,8.7,9.5,4.8
47093,TN,5.0,6.1,4.0
47095,TN,7.7,10.4,7.8
47097,TN,12.4,10.9,7.7
47099,TN,9.8,9.5,5.8
47101,TN,10.0,10.8,5.9
47103,TN,4.9,6.1,4.1
47105,TN,5.7,7.6,4.7
47107,TN,8.7,9.1,5.4
47109,TN,9.1,10.3,7.0
47111,TN,8.3,8.3,4.4
47113,TN,6.7,8.1,4.9
47115,TN,7.7,9.1,6.3
47117,TN,9.2,9.4,4.6
47119,TN,8.1,7.8,4.0
47121,TN,8.9,10.3,6.8
47123,TN,9.9,9.9,5.3
47125,TN,6.3,7.6,5.1
47127,TN,5.6,5.8,3.8
47129,TN,7.6,10.2,6.4
47131,TN,7.0,13.4,7.0
47133,TN,9.0,8.9,5.3
47135,TN,16.0,9.8,6.3
47137,TN,10.7,9.4,6.6
47139,TN,8.1,9.8,5.7
47141,TN,6.4,8.0,4.9
47143,TN,8.0,10.2,7.1
47145,TN,5.9,8.6,5.5
47147,TN,6.2,7.0,4.1
47149,TN,5.8,6.5,3.7
47151,TN,11.5,15.5,7.4
47153,TN,7.6,8.4,5.8
47155,TN,7.1,8.7,4.9
47157,TN,6.9,8.6,5.3
47159,TN,8.2,8.2,4.6
47161,TN,8.5,11.0,6.8
47163,TN,5.3,7.5,5.2
47165,TN,6.0,6.5,3.9
47167,TN,7.9,8.9,5.7
47169,TN,8.4,8.6,4.8
47171,TN,7.4,10.3,7.1
47173,TN,6.3,9.4,5.8
47175,TN,8.3,11.5,6.2
47177,TN,8.5,8.8,4.8
47179,TN,5.6,7.1,4.8
47181,TN,10.1,9.5,6.6
47183,TN,8.2,10.9,5.8
47185,TN,8.4,9.8,5.0
47187,TN,4.6,5.0,3.4
47189,TN,5.7,6.4,3.8
48000,TX,4.8,6.7,4.6
48001,TX,5.6,6.3,4.3
48003,TX,3.3,4.0,4.7
48005,TX,4.7,6.9,5.9
48007,TX,4.4,7.0,5.6
48009,TX,3.6,5.5,4.3
48011,TX,3.5,4.5,2.8
48013,TX,4.7,6.7,5.3
48015,TX,4.2,6.4,5.3
48017,TX,4.1,6.9,4.4
48019,TX,4.4,6.6,4.1
48021,TX,4.9,6.7,3.7
48023,TX,3.7,5.1,3.6
48025,TX,6.1,7.0,7.5
48027,TX,4.8,7.4,4.5
48029,TX,4.6,6.3,3.7
48031,TX,3.6,5.2,3.1
48033,TX,3.3,4.3,3.6
48035,TX,4.5,7.2,4.3
48037,TX,4.9,7.4,4.7
48039,TX,5.1,6.7,5.2
48041,TX,3.9,5.3,3.5
48043,TX,3.7,5.1,3.8
48045,TX,4.3,5.4,4.4
48047,TX,5.3,8.7,11.8
48049,TX,4.4,6.8,4.3
48051,TX,4.4,6.3,4.6
48053,TX,3.9,6.0,3.5
48055,TX,5.2,7.2,4.3
48057,TX,4.7,7.3,5.6
48059,TX,3.6,6.1,4.3
48061,TX,6.6,10.3,7.2
48063,TX,4.8,8.0,6.8
48065,TX,3.3,4.6,3.3
48067,TX,6.1,9.2,7.2
48069,TX,3.6,4.4,3.1
48071,TX,5.7,8.0,6.1
48073,TX,5.8,7.2,5.1
48075,TX,5.0,4.4,3.0
48077,TX,3.9,5.6,4.4
48079,TX,4.7,7.5,5.1
48081,TX,7.7,5.1,4.2
48083,TX,4.1,7.5,5.8
48085,TX,4.5,5.9,3.5
48087,TX,3.9,5.0,3.5
48089,TX,3.9,6.4,4.7
48091,TX,4.0,6.0,3.6
48093,TX,3.8,6.4,4.3
48095,TX,5.1,4.2,3.4
48097,TX,3.5,5.0,4.0
48099,TX,6.2,7.4,4.7
48101,TX,4.0,7.5,5.1
48103,TX,4.1,4.9,8.6
48105,TX,2.9,5.0,7.5
48107,TX,4.9,7.2,4.4
48109,TX,2.9,6.1,4.1
48111,TX,3.0,3.7,2.2
48113,TX,5.3,7.1,4.0
48115,TX,5.3,6.4,5.0
48117,TX,3.8,4.7,3.1
48119,TX,5.3,6.7,3.8
48121,TX,4.4,5.7,3.4
48123,TX,4.1,4.8,5.5
48125,TX,5.0,10.7,4.9
48127,TX,6.5,5.8,7.1
48129,TX,4.3,5.9,4.0
48131,TX,5.3,7.0,10.9
48133,TX,4.4,6.7,5.4
48135,TX,3.4,4.6,6.3
48137,TX,3.7,6.4,4.6
48139,TX,5.0,6.8,3.7
48141,TX,6.1,8.5,4.9
48143,TX,3.7,5.6,4.0
48145,TX,5.8,7.3,4.4
48147,TX,5.8,7.1,3.8
48149,TX,3.4,4.8,3.6
48151,TX,3.8,5.4,4.3
48153,TX,4.7,6.4,5.0
48155,TX,4.1,5.8,3.7
48157,TX,4.4,6.0,5.0
48159,TX,4.2,7.4,4.9
48161,TX,4.0,6.7,6.7
48163,TX,5.3,5.0,4.9
48165,TX,3.8,4.2,3.7
48167,TX,5.6,7.6,5.3
48169,TX,3.8,5.0,3.9
48171,TX,3.0,4.7,2.8
48173,TX,3.8,4.1,3.9
48175,TX,3.7,5.5,5.8
48177,TX,3.9,5.1,4.2
48179,TX,3.4,5.6,6.9
48181,TX,5.1,6.8,3.8
48183,TX,3.9,6.2,6.1
48185,TX,5.1,6.4,6.6
48187,TX,4.2,5.7,3.6
48189,TX,4.4,6.9,5.6
48191,TX,5.5,7.7,6.7
48193,TX,3.5,5.8,4.9
48195,TX,3.2,3.4,3.1
48197,TX,3.5,5.9,3.9
48199,TX,5.2,8.4,6.1
48201,TX,4.7,6.6,5.3
48203,TX,4.6,7.4,6.0
48205,TX,3.3,3.3,2.0
48207,TX,3.2,5.3,4.2
48209,TX,4.3,5.8,3.3
48211,TX,1.9,2.9,3.7
48213,TX,5.2,7.6,4.7
48215,TX,7.1,10.6,7.8
48217,TX,4.9,6.9,4.4
48219,TX,3.7,5.3,4.6
48221,TX,4.2,6.5,4.7
48223,TX,4.1,6.5,4.0
48225,TX,6.4,7.1,4.6
48227,TX,4.5,5.6,5.5
48229,TX,3.9,7.5,6.0
48231,TX,5.3,8.3,4.3
48233,TX,4.1,6.5,5.6
48235,TX,3.5,4.6,3.2
48237,TX,3.1,5.8,4.9
48239,TX,4.0,5.1,4.7
48241,TX,6.3,10.6,7.7
48243,TX,3.6,4.9,2.9
48245,TX,6.6,11.1,7.0
48247,TX,3.8,6.6,9.5
48249,TX,4.2,6.2,10.5
48251,TX,4.6,6.6,4.3
48253,TX,4.9,7.2,5.8
48255,TX,5.8,6.1,4.9
48257,TX,5.2,7.0,3.8
48259,TX,3.8,5.4,3.2
48261,TX,3.4,5.1,4.6
48263,TX,4.1,4.0,3.0
48265,TX,3.9,5.8,3.6
48267,TX,3.7,4.9,3.8
48269,TX,4.5,4.5,3.9
48271,TX,5.2,8.8,5.8
48273,TX,4.2,6.9,6.7
48275,TX,3.8,5.2,4.2
48277,TX,5.3,9.2,4.6
48279,TX,4.4,8.0,6.5
48281,TX,4.0,7.1,4.1
48283,TX,5.3,4.4,5.1
48285,TX,3.4,4.8,4.2
48287,TX,3.9,5.4,3.8
48289,TX,4.3,7.4,6.5
48291,TX,5.9,9.6,7.5
48293,TX,4.3,6.9,5.6
48295,TX,2.8,3.9,4.4
48297,TX,4.2,4.6,5.9
48299,TX,4.2,6.8,4.2
48301,TX,7.0,6.0,4.7
48303,TX,3.7,5.3,3.4
48305,TX,4.6,6.0,4.0
48307,TX,3.9,5.4,4.5
48309,TX,4.5,6.6,3.9
48311,TX,5.4,2.4,2.1
48313,TX,5.2,7.1,5.1
48315,TX,5.0,9.1,7.0
48317,TX,3.5,4.5,4.4
48319,TX,3.0,5.2,3.6
48321,TX,6.7,10.1,7.3
48323,TX,10.6,12.5,11.2
48325,TX,5.0,6.6,4.4
48327,TX,4.3,6.3,4.4
48329,TX,2.8,3.9,4.4
48331,TX,5.4,8.6,5.1
48333,TX,3.9,5.4,4.2
48335,TX,5.4,6.0,7.0
48337,TX,3.5,5.4,4.9
48339,TX,4.2,5.9,4.9
48341,TX,3.1,4.3,3.0
48343,TX,6.0,9.7,10.9
48345,TX,4.3,5.9,3.5
48347,TX,4.3,6.6,4.7
48349,TX,5.4,7.3,4.2
48351,TX,7.3,11.1,7.9
48353,TX,3.8,5.9,4.8
48355,TX,4.5,6.6,5.6
48357,TX,2.7,3.9,5.2
48359,TX,4.4,4.3,3.0
48361,TX,6.4,10.5,6.7
48363,TX,4.1,6.7,5.5
48365,TX,3.8,6.9,7.2
48367,TX,4.4,5.9,4.1
48369,TX,3.3,4.1,2.5
48371,TX,4.4,5.1,5.9
48373,TX,6.1,8.0,6.3
48375,TX,4.0,5.3,3.3
48377,TX,10.3,13.3,10.7
48379,TX,5.0,7.0,4.0
48381,TX,3.1,4.4,2.9
48383,TX,2.0,3.4,6.2
48385,TX,3.7,9.4,5.7
48387,TX,6.4,10.7,5.8
48389,TX,5.7,6.8,5.3
48391,TX,3.8,6.0,6.6
48393,TX,2.5,5.1,4.5
48395,TX,4.9,8.0,5.1
48397,TX,4.5,6.2,3.5
48399,TX,4.7,5.5,3.9
48401,TX,4.3,6.3,5.8
48403,TX,8.9,14.6,9.4
48405,TX,6.1,12.1,8.9
48407,TX,5.7,8.2,6.3
48409,TX,5.3,7.6,7.4
48411,TX,5.4,6.2,3.4
48413,TX,3.3,4.0,5.2
48415,TX,4.0,4.5,5.9
48417,TX,2.6,3.5,3.8
48419,TX,4.7,7.3,6.0
48421,TX,3.7,4.2,2.9
48423,TX,4.8,7.0,4.5
48425,TX,4.5,6.6,4.8
48427,TX,11.3,14.5,13.3
48429,TX,3.6,5.9,5.3
48431,TX,2.8,3.5,3.9
48433,TX,3.3,4.4,4.4
48435,TX,2.0,4.7,7.9
48437,TX,4.4,5.9,4.2
48439,TX,4.8,6.5,4.0
48441,TX,3.7,5.7,3.7
48443,TX,6.7,4.7,3.9
48445,TX,4.1,6.5,4.8
48447,TX,3.4,5.3,3.5
48449,TX,4.3,7.5,6.2
48451,TX,4.1,5.3,4.5
48453,TX,4.2,5.5,3.2
48455,TX,5.4,8.2,6.1
48457,TX,5.9,10.7,7.3
48459,TX,4.2,6.7,6.4
48461,TX,3.1,4.0,5.3
48463,TX,5.7,7.9,5.3
48465,TX,5.8,7.6,6.2
48467,TX,4.3,6.9,4.3
48469,TX,3.8,5.6,5.4
48471,TX,5.2,6.9,5.2
48473,TX,5.0,7.0,5.6
48475,TX,3.9,4.8,5.7
48477,TX,3.9,5.6,5.1
48479,TX,5.3,6.5,4.9
48481,TX,4.3,6.8,5.0
48483,TX,2.4,4.4,4.7
48485,TX,4.8,6.1,4.3
48487,TX,3.5,6.0,4.7
48489,TX,8.8,15.8,12.2
48491,TX,4.5,5.8,3.4
48493,TX,4.6,5.5,3.9
48495,TX,3.7,5.6,7.7
48497,TX,4.3,6.5,4.7
48499,TX,5.0,7.9,5.3
48501,TX,3.0,4.0,4.8
48503,TX,3.4,5.7,4.4
48505,TX,5.5,6.3,10.7
48507,TX,10.6,13.5,13.9
49000,UT,3.6,5.4,3.4
49001,UT,3.5,6.1,4.9
49003,UT,4.0,5.8,3.5
49005,UT,2.8,4.5,3.1
49007,UT,4.3,7.0,6.0
49009,UT,4.0,5.0,5.2
49011,UT,3.4,4.9,3.2
49013,UT,2.7,4.7,8.9
49015,UT,3.8,7.2,6.3
49017,UT,6.1,9.5,8.3
49019,UT,5.9,8.4,5.9
49021,UT,4.4,6.8,4.4
49023,UT,5.5,6.1,3.6
49025,UT,4.2,6.6,3.8
49027,UT,3.3,4.7,3.3
49029,UT,3.3,4.9,3.0
49031,UT,2.9,8.3,5.9
49033,UT,2.7,5.3,3.2
49035,UT,3.4,5.3,3.2
49037,UT,6.4,8.8,8.1
49039,UT,4.2,6.4,4.0
49041,UT,4.0,6.1,4.4
49043,UT,3.3,4.9,3.2
49045,UT,3.8,6.0,3.8
49047,UT,2.3,4.4,9.3
49049,UT,3.5,5.0,3.1
49051,UT,3.7,5.8,3.4
49053,UT,4.7,6.9,3.7
49055,UT,5.5,10.8,7.8
49057,UT,4.2,6.3,3.8
50000,VT,4.7,5.0,3.2
50001,VT,4.4,4.5,3.0
50003,VT,4.8,5.9,3.8
50005,VT,5.2,6.2,4.1
50007,VT,4.0,3.8,2.5
50009,VT,6.2,8.0,5.0
50011,VT,4.9,4.5,3.1
50013,VT,6.1,5.4,3.7
50015,VT,5.4,6.4,4.2
50017,VT,4.4,4.7,3.1
50019,VT,6.9,7.7,5.2
50021,VT,5.5,6.2,3.8
50023,VT,4.7,4.7,3.2
50025,VT,4.6,5.2,3.3
50027,VT,3.8,4.7,2.9
51000,VA,3.9,6.1,4.1
51001,VA,5.0,7.9,4.9
51003,VA,3.0,5.2,3.6
51005,VA,5.4,7.1,5.1
51007,VA,4.5,6.5,4.3
51009,VA,4.1,6.7,4.4
51011,VA,4.5,7.4,4.7
51013,VA,2.5,3.5,2.6
51015,VA,3.6,5.8,3.7
51017,VA,4.1,5.8,3.7
51019,VA,3.7,6.0,4.1
51021,VA,4.7,7.0,5.3
51023,VA,3.3,5.5,3.7
51025,VA,6.6,10.1,6.0
51027,VA,5.0,9.1,10.8
51029,VA,4.9,8.5,5.5
51031,VA,4.0,6.5,4.5
51033,VA,4.8,7.8,4.5
51035,VA,6.6,8.5,5.2
51036,VA,5.0,7.8,4.6
51037,VA,5.9,8.7,5.1
51041,VA,3.7,6.1,3.9
51043,VA,3.4,5.2,3.6
51045,VA,4.0,7.0,4.8
51047,VA,4.8,5.7,3.9
51049,VA,4.8,7.1,4.7
51051,VA,5.7,10.7,10.0
51053,VA,4.5,7.6,4.9
51057,VA,5.2,7.3,4.9
51059,VA,2.8,4.5,3.3
51061,VA,3.3,5.1,3.5
51063,VA,4.4,5.7,4.1
51065,VA,3.3,5.3,3.4
51067,VA,4.8,6.6,4.3
51069,VA,4.2,5.8,3.5
51071,VA,5.4,7.3,5.4
51073,VA,3.5,5.6,3.7
51075,VA,3.3,5.6,3.8
51077,VA,6.5,9.6,5.2
51079,VA,3.3,5.6,3.3
51081,VA,5.5,8.6,5.1
51083,VA,6.8,9.5,5.9
51085,VA,3.4,5.5,3.5
51087,VA,3.6,6.0,3.9
51089,VA,8.0,10.6,5.6
51091,VA,5.1,4.9,3.2
51093,VA,3.7,6.3,4.4
51095,VA,3.2,5.7,3.9
51097,VA,4.6,6.6,4.2
51099,VA,5.1,6.5,4.3
51101,VA,3.7,6.3,3.8
51103,VA,5.7,8.0,5.7
51105,VA,5.3,8.3,6.9
51107,VA,2.8,4.4,3.2
51109,VA,4.2,6.2,3.9
51111,VA,5.9,7.6,4.7
51113,VA,3.7,4.8,3.2
51115,VA,3.6,5.7,4.0
51117,VA,6.5,9.4,5.7
51119,VA,3.8,6.1,3.9
51121,VA,4.1,5.9,4.2
51125,VA,3.6,5.8,3.6
51127,VA,3.6,5.6,3.4
51131,VA,5.4,9.3,5.9
51133,VA,5.7,8.2,5.5
51135,VA,5.5,6.4,4.0
51137,VA,4.6,6.7,4.1
51139,VA,6.9,10.2,5.6
51141,VA,6.5,9.1,4.9
51143,VA,6.6,7.8,4.8
51145,VA,3.4,5.6,3.6
51147,VA,5.5,8.5,5.4
51149,VA,4.3,7.4,4.9
51153,VA,3.3,5.3,3.7
51155,VA,6.4,7.4,6.0
51157,VA,3.5,5.4,3.6
51159,VA,5.0,6.4,3.7
51161,VA,3.2,5.2,3.6
51163,VA,4.1,6.1,4.4
51165,VA,3.3,5.7,3.6
51167,VA,5.8,8.7,6.5
51169,VA,5.4,7.5,4.9
51171,VA,4.7,6.4,3.8
51173,VA,6.1,9.6,5.9
51175,VA,4.8,6.3,4.0
51177,VA,3.4,6.1,4.1
51179,VA,3.4,5.8,4.0
51181,VA,4.5,7.8,5.3
51183,VA,5.8,9.7,6.3
51185,VA,4.4,8.3,7.6
51187,VA,4.4,6.7,4.1
51191,VA,4.9,6.7,4.6
51193,VA,5.0,7.3,4.6
51195,VA,4.6,8.9,8.6
51197,VA,5.3,7.7,5.8
51199,VA,3.3,5.8,3.9
51510,VA,2.8,4.1,2.9
51520,VA,5.8,7.3,5.1
51530,VA,5.1,7.9,5.1
51540,VA,3.9,5.1,3.4
51550,VA,3.9,6.4,4.3
51570,VA,4.4,7.0,4.5
51580,VA,6.8,9.0,5.9
51590,VA,9.2,10.3,6.1
51595,VA,7.4,10.6,6.5
51600,VA,3.2,4.3,3.1
51610,VA,4.0,4.0,2.8
51620,VA,6.3,10.0,6.1
51630,VA,6.0,7.1,4.8
51640,VA,6.1,8.9,5.0
51650,VA,4.7,8.2,5.8
51660,VA,4.2,7.4,4.9
51670,VA,6.0,10.1,6.6
51678,VA,6.4,8.8,6.2
51680,VA,4.8,7.5,5.3
51683,VA,4.2,5.6,3.6
51685,VA,3.7,5.3,3.7
51690,VA,11.9,12.8,7.1
51700,VA,4.6,7.5,5.2
51710,VA,5.3,7.6,5.3
51720,VA,5.2,7.7,6.9
51730,VA,7.3,12.0,7.9
51735,VA,3.0,5.4,3.5
51740,VA,5.2,8.8,6.2
51750,VA,5.3,7.9,5.5
51760,VA,5.8,7.5,4.7
51770,VA,4.5,7.2,4.3
51775,VA,3.6,5.9,4.0
51790,VA,4.3,6.4,3.9
51800,VA,4.1,7.0,4.7
51810,VA,3.6,5.7,4.0
51820,VA,4.9,7.0,4.2
51830,VA,8.6,8.3,5.6
51840,VA,4.5,6.7,4.0
53000,WA,5.4,8.1,5.3
53001,WA,6.6,9.1,6.5
53003,WA,6.7,7.8,5.0
53005,WA,5.4,9.3,6.3
53007,WA,5.9,8.0,5.7
53009,WA,7.6,10.5,7.6
53011,WA,7.5,9.4,6.1
53013,WA,7.5,8.3,6.5
53015,WA,8.7,10.7,7.2
53017,WA,5.7,9.1,6.9
53019,WA,9.4,15.7,10.4
53021,WA,6.6,9.7,7.5
53023,WA,4.9,7.6,5.9
53025,WA,6.8,9.5,7.2
53027,WA,8.2,13.0,8.3
53029,WA,5.8,8.1,5.9
53031,WA,5.9,10.0,7.1
53033,WA,3.9,6.3,3.8
53035,WA,5.3,7.9,5.6
53037,WA,6.3,8.8,6.0
53039,WA,8.0,10.2,6.8
53041,WA,8.7,12.0,7.8
53043,WA,5.8,7.3,5.6
53045,WA,7.5,10.9,7.6
53047,WA,6.9,9.5,6.7
53049,WA,8.1,12.0,8.1
53051,WA,9.1,12.8,8.9
53053,WA,6.1,9.3,6.0
53055,WA,4.0,6.4,4.7
53057,WA,6.1,9.7,6.5
53059,WA,9.1,10.6,6.9
53061,WA,4.6,7.5,4.2
53063,WA,6.0,9.1,6.1
53065,WA,8.5,11.8,8.3
53067,WA,5.4,8.4,5.6
53069,WA,7.7,12.7,8.6
53071,WA,5.2,7.5,5.4
53073,WA,5.3,8.1,5.8
53075,WA,4.3,6.6,5.0
53077,WA,7.3,10.6,7.6
54000,WN,4.3,7.5,6.1
54001,WV,4.9,8.3,6.8
54003,WV,4.7,6.7,4.0
54005,WV,3.9,10.4,9.1
54007,WV,5.2,10.8,8.8
54009,WV,5.7,8.7,7.1
54011,WV,3.9,6.5,4.8
54013,WV,6.8,11.1,12.9
54015,WV,6.3,12.0,10.4
54017,WV,4.9,6.3,5.2
54019,WV,4.6,8.7,7.9
54021,WV,3.8,7.8,8.3
54023,WV,5.3,8.8,5.9
54025,WV,5.5,8.0,5.4
54027,WV,4.3,7.9,4.4
54029,WV,5.8,9.3,7.0
54031,WV,4.6,10.6,5.7
54033,WV,3.9,6.5,5.8
54035,WV,5.1,8.5,6.5
54037,WV,3.8,5.4,3.4
54039,WV,3.5,6.6,5.5
54041,WV,4.2,7.0,8.5
54043,WV,4.7,10.3,8.5
54045,WV,4.2,9.7,10.2
54047,WV,5.9,12.1,12.2
54049,WV,3.6,6.4,6.5
54051,WV,5.1,8.1,8.0
54053,WV,7.0,9.9,7.1
54055,WV,4.0,8.4,6.7
54057,WV,4.6,8.5,6.0
54059,WV,4.2,9.7,12.6
54061,WV,2.8,5.2,4.3
54063,WV,4.5,7.2,4.6
54065,WV,5.3,7.3,4.4
54067,WV,4.6,9.3,8.8
54069,WV,4.2,6.4,5.6
54071,WV,4.3,6.8,3.9
54073,WV,5.9,8.7,8.2
54075,WV,7.1,10.2,6.7
54077,WV,3.9,7.1,5.8
54079,WV,3.3,6.4,4.9
54081,WV,4.0,7.3,7.0
54083,WV,5.4,8.7,6.0
54085,WV,5.5,7.4,6.6
54087,WV,6.4,11.4,10.3
54089,WV,5.0,8.9,6.1
54091,WV,4.4,6.8,5.6
54093,WV,6.4,8.1,5.4
54095,WV,6.3,9.2,8.9
54097,WV,4.2,7.8,7.5
54099,WV,4.7,7.6,6.6
54101,WV,5.5,10.7,8.3
54103,WV,7.2,9.4,9.3
54105,WV,6.0,11.0,8.8
54107,WV,4.7,7.3,5.7
54109,WV,4.7,9.2,10.2
55000,WI,4.9,7.0,4.0
55001,WI,7.0,10.9,6.0
55003,WI,6.0,9.3,5.4
55005,WI,5.7,7.9,4.5
55007,WI,6.7,10.8,6.9
55009,WI,4.6,6.6,3.6
55011,WI,4.3,6.3,4.5
55013,WI,7.2,9.0,6.0
55015,WI,4.3,5.3,3.2
55017,WI,5.3,6.8,4.3
55019,WI,5.6,7.4,3.9
55021,WI,5.1,7.2,3.6
55023,WI,6.0,8.5,4.9
55025,WI,3.4,4.9,2.8
55027,WI,5.1,7.2,3.6
55029,WI,5.4,10.3,5.0
55031,WI,5.3,6.9,5.2
55033,WI,4.4,6.6,4.1
55035,WI,4.1,5.8,3.4
55037,WI,5.9,8.3,5.9
55039,WI,4.8,6.5,3.5
55041,WI,7.0,11.0,6.2
55043,WI,4.8,6.0,3.9
55045,WI,4.7,6.2,3.3
55047,WI,5.6,7.5,4.9
55049,WI,4.7,6.7,3.5
55051,WI,7.9,10.5,7.4
55053,WI,5.7,7.3,4.4
55055,WI,4.9,6.7,3.9
55057,WI,6.0,8.4,4.4
55059,WI,5.5,8.2,4.6
55061,WI,4.5,6.5,3.7
55063,WI,3.9,5.4,3.6
55065,WI,4.2,5.6,3.2
55067,WI,6.1,9.3,5.2
55069,WI,5.7,9.1,4.4
55071,WI,5.0,7.8,4.3
55073,WI,4.6,7.3,3.6
55075,WI,6.1,8.3,5.5
55077,WI,6.4,8.8,5.1
55078,WI,10.7,16.3,7.6
55079,WI,5.7,8.6,5.0
55081,WI,4.7,7.3,3.8
55083,WI,6.3,8.4,4.4
55085,WI,6.1,8.7,4.9
55087,WI,4.7,6.4,3.5
55089,WI,3.9,5.5,3.3
55091,WI,4.8,5.7,3.8
55093,WI,4.4,5.5,4.0
55095,WI,5.9,8.0,4.6
55097,WI,4.5,7.3,3.8
55099,WI,5.1,7.5,4.3
55101,WI,5.8,8.4,4.9
55103,WI,4.7,6.3,3.8
55105,WI,6.3,8.3,4.4
55107,WI,7.0,9.0,5.1
55109,WI,4.5,5.7,3.8
55111,WI,4.9,6.9,3.6
55113,WI,7.0,10.8,6.2
55115,WI,5.2,8.0,4.1
55117,WI,4.5,6.8,3.4
55119,WI,6.6,7.2,4.1
55121,WI,4.6,5.7,3.7
55123,WI,4.9,6.4,3.6
55125,WI,6.4,10.0,5.7
55127,WI,4.8,7.2,4.0
55129,WI,6.7,7.9,5.0
55131,WI,4.4,6.1,3.3
55133,WI,4.0,5.8,3.4
55135,WI,5.4,7.6,3.9
55137,WI,5.9,8.8,5.0
55139,WI,4.4,6.7,3.6
55141,WI,5.4,7.5,4.7
56000,WI,3.1,5.3,5.3
56001,WY,2.5,4.3,3.2
56003,WY,4.0,5.6,5.0
56005,WY,2.0,4.6,7.2
56007,WY,3.2,5.2,4.7
56009,WY,2.8,4.3,6.2
56011,WY,2.9,4.9,4.6
56013,WY,4.1,6.0,7.2
56015,WY,3.5,4.7,3.5
56017,WY,3.3,4.7,4.8
56019,WY,3.3,5.3,5.4
56021,WY,3.9,5.8,4.2
56023,WY,3.5,7.1,4.7
56025,WY,2.8,5.1,7.2
56027,WY,3.4,3.8,3.3
56029,WY,3.5,5.5,4.7
56031,WY,4.1,4.9,4.8
56033,WY,3.1,6.2,4.7
56035,WY,1.6,4.9,6.5
56037,WY,2.4,4.8,6.1
56039,WY,2.9,6.7,3.5
56041,WY,2.9,5.6,5.8
56043,WY,3.5,5.2,4.8
56045,WY,3.2,4.1,5.0
72000,PR,11.8,14.5,11.8
72001,PR,14.0,21.7,16.8
72003,PR,13.0,18.3,14.0
72005,PR,12.3,18.7,14.9
72007,PR,13.3,18.6,14.3
72009,PR,14.6,19.0,14.9
72011,PR,12.5,17.0,12.9
72013,PR,12.1,15.9,13.2
72015,PR,16.8,22.6,18.5
72017,PR,15.4,19.3,14.1
72019,PR,14.0,16.2,12.8
72021,PR,9.9,11.0,9.0
72023,PR,9.7,15.4,12.4
72025,PR,11.6,13.5,10.3
72027,PR,11.1,14.3,12.4
72029,PR,15.0,13.9,11.5
72031,PR,9.3,10.5,8.6
72033,PR,12.8,13.5,10.0
72035,PR,14.3,14.9,10.7
72037,PR,14.4,19.0,13.1
72039,PR,18.7,21.7,16.1
72041,PR,12.8,14.5,10.2
72043,PR,15.9,21.0,18.1
72045,PR,16.8,20.4,13.5
72047,PR,13.4,16.0,12.3
72049,PR,6.6,5.7,3.3
72051,PR,10.1,9.1,8.1
72053,PR,13.9,18.0,13.8
72054,PR,10.3,19.2,14.5
72055,PR,14.8,24.8,18.1
72057,PR,15.0,20.9,16.4
72059,PR,15.6,21.4,18.7
72061,PR,7.3,6.6,6.0
72063,PR,10.8,11.3,8.5
72065,PR,12.6,16.2,15.5
72067,PR,11.4,14.9,12.2
72069,PR,15.5,19.7,14.1
72071,PR,12.4,18.2,14.1
72073,PR,14.4,16.9,12.9
72075,PR,12.5,16.4,14.5
72077,PR,13.7,16.3,13.2
72079,PR,13.7,23.1,18.7
72081,PR,13.3,19.6,19.3
72083,PR,10.9,16.2,14.9
72085,PR,14.0,18.8,13.5
72087,PR,15.5,12.9,11.3
72089,PR,15.6,19.7,14.2
72091,PR,14.3,15.0,11.6
72093,PR,13.5,18.5,15.2
72095,PR,19.3,22.9,18.3
72097,PR,13.1,16.7,13.7
72099,PR,12.0,19.3,15.6
72101,PR,15.9,18.3,13.4
72103,PR,17.2,17.1,12.3
72105,PR,13.1,16.9,13.0
72107,PR,16.8,19.9,15.5
72109,PR,17.0,25.1,20.6
72111,PR,14.9,20.4,16.7
72113,PR,11.7,15.9,13.4
72115,PR,12.5,18.5,16.0
72117,PR,12.9,18.7,15.6
72119,PR,13.0,12.4,10.5
72121,PR,14.5,20.9,15.9
72123,PR,16.9,24.9,21.7
72125,PR,13.5,18.3,15.3
72127,PR,8.7,8.8,7.9
72129,PR,12.8,15.8,12.5
72131,PR,13.2,22.1,18.9
72133,PR,13.0,20.0,16.7
72135,PR,9.0,10.1,8.3
72137,PR,9.9,10.6,9.0
72139,PR,7.9,8.4,7.2
72141,PR,14.2,19.4,15.5
72143,PR,12.8,14.1,11.5
72145,PR,13.2,16.0,13.9
72147,PR,12.5,12.9,10.6
72149,PR,13.8,20.8,20.2
72151,PR,18.1,23.3,16.9
72153,PR,13.1,20.7,18.8
